Frequency(Hz),Return Loss(dB),Phase(deg),Rs,SWR,Xs,|Z|
100000,1.17,121.23,4.4,14.83,28.0,28.3
324875,1.00,154.84,3.0,17.44,11.1,11.5
549750,0.88,141.82,2.8,19.76,17.3,17.5
774625,0.65,129.50,2.3,26.94,23.5,23.7
999500,0.59,118.24,2.3,29.63,29.9,29.9
1224375,0.47,108.21,2.1,37.03,36.1,36.2
1449250,0.41,99.24,2.0,42.32,42.5,42.5
1674125,0.29,91.14,1.7,59.24,49.0,49.0
1899000,0.23,84.11,1.5,74.05,55.4,55.4
2123875,0.23,77.77,1.7,74.05,62.0,62.0
2348750,0.18,72.14,1.5,98.73,68.6,68.6
2573625,0.12,67.04,1.1,48.10,75.5,75.5
2798500,0.12,62.64,1.2,48.10,82.2,82.2
3023375,0.06,58.59,0.7,96.19,89.1,89.1
3248250,0.06,54.90,0.8,96.19,96.3,96.3
3473125,0.06,51.55,0.9,96.19,103.5,103.5
3698000,0.06,48.56,1.0,96.19,110.8,110.8
3922875,0.06,45.92,1.1,96.19,118.0,118.0
4147750,-0.00,43.28,0.0,?,126.0,126.0
4372625,-0.00,41.00,0.0,?,133.7,133.7
4597500,-0.00,38.89,0.0,?,141.6,141.6
4822375,-0.00,36.95,0.0,?,149.7,149.7
5047250,-0.06,35.01,1.9,96.19,158.5,158.5
5272125,-0.06,33.43,2.0,96.19,166.5,166.5
5497000,-0.06,31.85,2.2,96.19,175.2,175.2
5721875,-0.06,30.44,2.4,96.19,183.7,183.8
5946750,-0.06,29.21,2.7,96.19,191.9,191.9
6171625,-0.06,27.98,2.9,96.19,200.7,200.7
6396500,-0.06,26.74,3.2,96.19,210.3,210.3
6621375,-0.06,25.69,3.4,96.19,219.2,219.3
6846250,-0.06,24.63,3.7,96.19,228.9,229.0
7071125,-0.06,23.58,4.0,96.19,239.5,239.5
7296000,-0.06,22.70,4.4,96.19,249.0,249.1
7520875,-0.06,21.82,4.7,96.19,259.3,259.4
7745750,-0.06,20.94,5.1,96.19,270.5,270.5
7970625,-0.06,20.23,5.5,96.19,280.1,280.2
8195500,-0.06,19.53,5.9,96.19,290.4,290.5
8420375,-0.06,18.83,6.3,96.19,301.5,301.5
8645250,-0.06,18.12,6.8,96.19,313.4,313.4
8870125,-0.06,17.42,7.4,96.19,326.2,326.3
9095000,-0.06,16.72,8.0,96.19,340.2,340.2
9319875,-0.06,16.19,8.5,96.19,351.4,351.5
9544750,-0.06,15.48,9.3,96.19,367.5,367.7
9769625,-0.00,14.96,0.0,?,380.9,380.9
9994500,0.06,14.43,10.7,96.19,394.7,394.9
10219375,-0.00,13.90,0.0,?,410.2,410.2
10444250,0.06,13.37,12.4,96.19,426.2,426.3
10669125,0.06,12.84,13.5,96.19,443.8,444.0
10894000,0.06,12.32,14.7,96.19,462.9,463.2
11118875,0.06,11.96,15.5,96.19,476.6,476.9
11343750,-0.00,11.44,0.0,?,499.3,499.3
11568625,-0.00,11.09,0.0,?,515.3,515.3
11793500,0.06,10.56,19.9,96.19,540.5,540.8
12018375,-0.00,10.21,0.0,?,559.9,559.9
12243250,-0.00,9.85,0.0,?,580.1,580.1
12468125,-0.00,9.50,0.0,?,601.6,601.6
12693000,-0.00,8.97,0.0,?,637.2,637.2
12917875,-0.00,8.62,0.0,?,663.3,663.3
13142750,-0.00,8.27,0.0,?,691.6,691.6
13367625,-0.00,7.92,0.0,?,722.5,722.5
13592500,-0.00,7.57,0.0,?,756.2,756.2
13817375,-0.00,7.21,0.0,?,793.2,793.2
14042250,-0.00,7.04,0.0,?,813.1,813.1
14267125,-0.00,6.69,0.0,?,856.0,856.0
14492000,-0.00,6.33,0.0,?,903.6,903.6
14716875,0.06,5.98,61.7,96.19,952.9,954.9
14941750,-0.00,5.81,0.0,?,985.9,985.9
15166625,0.06,5.63,69.6,96.19,1012.0,1014.4
15391500,0.06,5.28,79.2,96.19,1078.9,1081.8
15616375,0.06,5.10,84.7,96.19,1115.7,1118.9
15841250,0.06,4.75,97.6,96.19,1197.4,1201.4
16066125,-0.00,4.57,0.0,?,1251.8,1251.8
16291000,-0.00,4.40,0.0,?,1301.9,1301.9
16515875,-0.00,4.05,0.0,?,1415.2,1415.2
16740750,-0.00,3.87,0.0,?,1479.6,1479.6
16965625,-0.00,3.70,0.0,?,1550.1,1550.1
17190500,-0.00,3.52,0.0,?,1627.6,1627.6
17415375,-0.00,3.34,0.0,?,1713.4,1713.4
17640250,-0.00,3.17,0.0,?,1808.6,1808.6
17865125,-0.00,2.99,0.0,?,1915.0,1915.0
18090000,-0.00,2.99,0.0,?,1915.0,1915.0
18314875,-0.00,2.82,0.0,?,2034.8,2034.8
18539750,-0.00,2.64,0.0,?,2170.5,2170.5
18764625,-0.00,2.46,0.0,?,2325.6,2325.6
18989500,-0.00,2.46,0.0,?,2325.6,2325.6
19214375,-0.00,2.29,0.0,?,2504.5,2504.5
19439250,-0.00,2.29,0.0,?,2504.5,2504.5
19664125,-0.00,2.11,0.0,?,2713.3,2713.3
19889000,-0.00,2.11,0.0,?,2713.3,2713.3
20113875,-0.00,1.94,0.0,?,2960.0,2960.0
20338750,-0.00,1.94,0.0,?,2960.0,2960.0
20563625,-0.00,1.94,0.0,?,2960.0,2960.0
20788500,-0.00,1.76,0.0,?,3256.1,3256.1
21013375,-0.00,1.76,0.0,?,3256.1,3256.1
21238250,-0.00,1.76,0.0,?,3256.1,3256.1
21463125,-0.00,1.76,0.0,?,3256.1,3256.1
21688000,-0.00,1.76,0.0,?,3256.1,3256.1
21912875,-0.00,1.76,0.0,?,3256.1,3256.1
22137750,-0.00,1.76,0.0,?,3256.1,3256.1
22362625,-0.00,1.76,0.0,?,3256.1,3256.1
22587500,-0.00,1.76,0.0,?,3256.1,3256.1
22812375,-0.00,1.76,0.0,?,3256.1,3256.1
23037250,-0.00,1.76,0.0,?,3256.1,3256.1
23262125,-0.00,1.76,0.0,?,3256.1,3256.1
23487000,-0.00,1.76,0.0,?,3256.1,3256.1
23711875,-0.00,1.76,0.0,?,3256.1,3256.1
23936750,-0.00,1.76,0.0,?,3256.1,3256.1
24161625,-0.00,1.76,0.0,?,3256.1,3256.1
24386500,-0.00,1.76,0.0,?,3256.1,3256.1
24611375,-0.06,1.76,683.0,96.19,3105.9,3180.1
24836250,-0.00,1.76,0.0,?,3256.1,3256.1
25061125,-0.06,1.94,569.1,96.19,2846.3,2902.6
25286000,-0.06,1.94,569.1,96.19,2846.3,2902.6
25510875,-0.00,1.94,0.0,?,2960.0,2960.0
25735750,-0.06,1.94,569.1,96.19,2846.3,2902.6
25960625,-0.00,2.11,0.0,?,2713.3,2713.3
26185500,-0.00,2.11,0.0,?,2713.3,2713.3
26410375,-0.00,2.29,0.0,?,2504.5,2504.5
26635250,-0.00,2.29,0.0,?,2504.5,2504.5
26860125,-0.00,2.29,0.0,?,2504.5,2504.5
27085000,-0.00,2.46,0.0,?,2325.6,2325.6
27309875,-0.00,2.46,0.0,?,2325.6,2325.6
27534750,-0.06,2.46,356.6,96.19,2269.6,2297.4
27759625,-0.06,2.64,311.6,96.19,2124.8,2147.5
27984500,-0.06,2.64,311.6,96.19,2124.8,2147.5
28209375,-0.06,2.82,274.6,96.19,1997.1,2015.8
28434250,-0.06,2.82,274.6,96.19,1997.1,2015.8
28659125,-0.06,2.99,243.7,96.19,1883.5,1899.2
28884000,-0.06,2.99,243.7,96.19,1883.5,1899.2
29108875,-0.06,2.99,243.7,96.19,1883.5,1899.2
29333750,-0.06,3.17,217.8,96.19,1782.0,1795.3
29558625,-0.06,3.17,217.8,96.19,1782.0,1795.3
29783500,-0.06,3.34,195.8,96.19,1690.7,1702.0
30008375,-0.06,3.34,195.8,96.19,1690.7,1702.0
30233250,-0.12,3.34,376.6,48.10,1626.2,1669.3
30458125,-0.06,3.52,176.9,96.19,1608.2,1617.9
30683000,-0.06,3.52,176.9,96.19,1608.2,1617.9
30907875,-0.06,3.70,160.7,96.19,1533.3,1541.7
31132750,-0.06,3.70,160.7,96.19,1533.3,1541.7
31357625,-0.06,3.87,146.5,96.19,1464.9,1472.2
31582500,-0.06,3.87,146.5,96.19,1464.9,1472.2
31807375,-0.06,4.05,134.2,96.19,1402.4,1408.8
32032250,-0.06,4.22,123.3,96.19,1344.9,1350.5
32257125,-0.06,4.22,123.3,96.19,1344.9,1350.5
32482000,-0.06,4.40,113.7,96.19,1291.9,1296.9
32706875,-0.06,4.57,105.2,96.19,1242.9,1247.3
32931750,-0.00,4.57,0.0,?,1251.8,1251.8
33156625,-0.00,4.75,0.0,?,1205.3,1205.3
33381500,-0.00,4.93,0.0,?,1162.3,1162.3
33606375,-0.00,5.10,0.0,?,1122.1,1122.1
33831250,-0.00,5.10,0.0,?,1122.1,1122.1
34056125,-0.00,5.28,0.0,?,1084.7,1084.7
34281000,-0.00,5.45,0.0,?,1049.6,1049.6
34505875,-0.00,5.45,0.0,?,1049.6,1049.6
34730750,-0.00,5.63,0.0,?,1016.8,1016.8
34955625,-0.00,5.81,0.0,?,985.9,985.9
35180500,-0.00,5.98,0.0,?,956.9,956.9
35405375,-0.00,5.98,0.0,?,956.9,956.9
35630250,-0.00,6.16,0.0,?,929.5,929.5
35855125,-0.00,6.16,0.0,?,929.5,929.5
36080000,-0.00,6.33,0.0,?,903.6,903.6
36304875,-0.00,6.51,0.0,?,879.1,879.1
36529750,-0.00,6.51,0.0,?,879.1,879.1
36754625,-0.00,6.69,0.0,?,856.0,856.0
36979500,-0.06,6.86,47.0,96.19,831.3,832.6
37204375,-0.06,6.86,47.0,96.19,831.3,832.6
37429250,-0.06,7.04,44.7,96.19,810.6,811.8
37654125,-0.00,7.21,0.0,?,793.2,793.2
37879000,-0.06,7.39,40.5,96.19,772.1,773.2
38103875,-0.00,7.39,0.0,?,774.2,774.2
38328750,-0.06,7.57,38.7,96.19,754.2,755.2
38553625,-0.06,7.74,36.9,96.19,737.1,738.0
38778500,-0.06,7.92,35.3,96.19,720.7,721.6
39003375,-0.06,7.92,35.3,96.19,720.7,721.6
39228250,-0.06,8.09,33.8,96.19,705.1,705.9
39453125,-0.06,8.27,32.4,96.19,690.1,690.9
39678000,-0.06,8.45,31.1,96.19,675.7,676.5
39902875,-0.06,8.45,31.1,96.19,675.7,676.5
40127750,-0.06,8.62,29.8,96.19,662.0,662.6
40352625,-0.06,8.80,28.6,96.19,648.7,649.4
40577500,-0.06,8.97,27.5,96.19,636.0,636.6
40802375,-0.06,8.97,27.5,96.19,636.0,636.6
41027250,-0.06,9.15,26.5,96.19,623.8,624.3
41252125,-0.06,9.33,25.5,96.19,612.0,612.5
41477000,-0.06,9.50,24.6,96.19,600.6,601.1
41701875,-0.12,9.68,47.2,48.10,586.9,588.8
41926750,-0.06,9.68,23.7,96.19,589.7,590.2
42151625,-0.06,9.85,22.9,96.19,579.2,579.6
42376500,-0.12,10.03,43.9,48.10,566.4,568.1
42601375,-0.12,10.21,42.4,48.10,556.7,558.4
42826250,-0.06,10.21,21.3,96.19,559.1,559.5
43051125,-0.06,10.38,20.6,96.19,549.6,550.0
43276000,-0.12,10.56,39.7,48.10,538.3,539.7
43500875,-0.12,10.73,38.4,48.10,529.5,530.9
43725750,-0.12,10.73,38.4,48.10,529.5,530.9
43950625,-0.12,10.91,37.2,48.10,521.0,522.3
44175500,-0.12,11.09,36.0,48.10,512.8,514.0
44400375,-0.12,11.26,34.9,48.10,504.8,506.0
44625250,-0.18,11.44,50.5,98.73,494.2,496.8
44850125,-0.18,11.61,49.0,98.73,486.8,489.3
45075000,-0.18,11.79,47.6,98.73,479.6,482.0
45299875,-0.23,11.79,62.9,74.05,476.1,480.2
45524750,-0.23,11.96,61.1,74.05,469.2,473.2
45749625,-0.29,12.14,73.6,59.24,458.5,464.3
45974500,-0.29,12.32,71.6,59.24,452.2,457.8
46199375,-0.35,12.49,82.7,49.37,441.5,449.2
46424250,-0.41,12.49,95.4,42.32,436.2,446.5
46649125,-0.47,12.49,107.5,37.03,430.3,443.5
46874000,-0.47,12.49,107.5,37.03,430.3,443.5
47098875,-0.53,12.32,122.3,32.92,429.0,446.1
47323750,-0.59,12.14,137.1,29.63,426.7,448.1
47548625,-0.65,11.79,155.8,26.94,428.3,455.7
47773500,-0.65,11.44,164.4,26.94,438.4,468.2
47998375,-0.65,11.09,173.6,26.94,448.9,481.3
48223250,-0.59,10.73,170.9,29.63,470.9,500.9
48448125,-0.59,10.38,181.2,29.63,483.1,516.0
48673000,-0.53,10.03,177.5,32.92,508.4,538.5
48897875,-0.47,9.85,166.7,37.03,527.8,553.5
49122750,-0.41,9.85,149.0,42.32,539.2,559.4
49347625,-0.35,9.85,130.1,49.37,549.5,564.7
49572500,-0.35,10.03,125.8,49.37,540.8,555.2
49797375,-0.29,10.03,106.5,59.24,549.3,559.6
50022250,-0.29,10.21,103.0,59.24,540.5,550.2
50247125,-0.23,10.38,80.7,74.05,538.4,544.4
50472000,-0.23,10.56,78.1,74.05,529.8,535.5
50696875,-0.18,10.73,57.2,98.73,526.1,529.2
50921750,-0.18,10.91,55.4,98.73,517.7,520.7
51146625,-0.18,11.09,53.7,98.73,509.7,512.5
51371500,-0.18,11.26,52.1,98.73,501.8,504.5
51596375,-0.12,11.44,33.9,48.10,497.0,498.2
51821250,-0.12,11.44,33.9,48.10,497.0,498.2
52046125,-0.12,11.61,32.8,48.10,489.5,490.6
52271000,-0.12,11.79,31.9,48.10,482.2,483.3
52495875,-0.12,11.96,31.0,48.10,475.1,476.1
52720750,-0.06,12.14,15.1,96.19,469.7,469.9
52945625,-0.12,12.32,29.2,48.10,461.6,462.5
53170500,-0.06,12.49,14.2,96.19,456.4,456.6
53395375,-0.06,12.49,14.2,96.19,456.4,456.6
53620250,-0.06,12.67,13.9,96.19,450.0,450.2
53845125,-0.06,12.84,13.5,96.19,443.8,444.0
54070000,-0.06,13.02,13.1,96.19,437.8,438.0
54294875,-0.06,13.20,12.8,96.19,431.9,432.1
54519750,-0.06,13.20,12.8,96.19,431.9,432.1
54744625,-0.06,13.37,12.4,96.19,426.2,426.3
54969500,-0.06,13.55,12.1,96.19,420.6,420.8
55194375,-0.06,13.72,11.8,96.19,415.1,415.3
55419250,-0.06,13.72,11.8,96.19,415.1,415.3
55644125,-0.06,13.90,11.5,96.19,409.8,410.0
55869000,-0.06,14.08,11.2,96.19,404.7,404.8
56093875,-0.06,14.08,11.2,96.19,404.7,404.8
56318750,-0.06,14.08,11.2,96.19,404.7,404.8
56543625,-0.12,14.25,21.9,48.10,398.8,399.4
56768500,-0.06,14.25,11.0,96.19,399.6,399.8
56993375,-0.06,14.43,10.7,96.19,394.7,394.9
57218250,-0.12,14.43,21.3,48.10,393.9,394.4
57443125,-0.06,14.60,10.4,96.19,389.9,390.1
57668000,-0.12,14.60,20.8,48.10,389.1,389.7
57892875,-0.06,14.78,10.2,96.19,385.2,385.4
58117750,-0.12,14.78,20.4,48.10,384.4,385.0
58342625,-0.12,14.96,19.9,48.10,379.9,380.4
58567500,-0.12,14.96,19.9,48.10,379.9,380.4
58792375,-0.12,15.13,19.4,48.10,375.4,376.0
59017250,-0.12,15.13,19.4,48.10,375.4,376.0
59242125,-0.12,15.13,19.4,48.10,375.4,376.0
59467000,-0.06,15.31,9.5,96.19,371.8,371.9
59691875,-0.06,15.31,9.5,96.19,371.8,371.9
59916750,-0.06,15.48,9.3,96.19,367.5,367.7
60141625,-0.06,15.48,9.3,96.19,367.5,367.7
60366500,-0.06,15.66,9.1,96.19,363.4,363.5
60591375,-0.06,15.66,9.1,96.19,363.4,363.5
60816250,-0.06,15.84,8.9,96.19,359.3,359.4
61041125,-0.06,16.01,8.7,96.19,355.3,355.4
61266000,-0.06,16.01,8.7,96.19,355.3,355.4
61490875,-0.06,16.19,8.5,96.19,351.4,351.5
61715750,-0.06,16.19,8.5,96.19,351.4,351.5
61940625,-0.06,16.36,8.3,96.19,347.6,347.7
62165500,-0.06,16.36,8.3,96.19,347.6,347.7
62390375,-0.06,16.54,8.2,96.19,343.8,343.9
62615250,-0.06,16.54,8.2,96.19,343.8,343.9
62840125,-0.06,16.72,8.0,96.19,340.2,340.2
63065000,-0.06,16.72,8.0,96.19,340.2,340.2
63289875,-0.06,16.89,7.8,96.19,336.6,336.7
63514750,-0.06,17.07,7.7,96.19,333.0,333.1
63739625,-0.06,17.07,7.7,96.19,333.0,333.1
63964500,-0.06,17.24,7.5,96.19,329.6,329.7
64189375,-0.06,17.24,7.5,96.19,329.6,329.7
64414250,-0.06,17.42,7.4,96.19,326.2,326.3
64639125,-0.06,17.42,7.4,96.19,326.2,326.3
64864000,-0.06,17.60,7.2,96.19,322.9,323.0
65088875,-0.06,17.77,7.1,96.19,319.7,319.7
65313750,-0.06,17.77,7.1,96.19,319.7,319.7
65538625,-0.06,17.95,6.9,96.19,316.5,316.6
65763500,-0.06,17.95,6.9,96.19,316.5,316.6
65988375,-0.06,18.12,6.8,96.19,313.4,313.4
66213250,-0.00,18.30,0.0,?,310.4,310.4
66438125,-0.06,18.30,6.7,96.19,310.3,310.4
66663000,-0.00,18.48,0.0,?,307.4,307.4
66887875,-0.06,18.48,6.5,96.19,307.3,307.4
67112750,-0.00,18.65,0.0,?,304.5,304.5
67337625,-0.00,18.65,0.0,?,304.5,304.5
67562500,-0.00,18.83,0.0,?,301.6,301.6
67787375,-0.00,18.83,0.0,?,301.6,301.6
68012250,-0.00,19.00,0.0,?,298.7,298.7
68237125,-0.00,19.18,0.0,?,295.9,295.9
68462000,-0.00,19.18,0.0,?,295.9,295.9
68686875,-0.00,19.35,0.0,?,293.2,293.2
68911750,-0.00,19.35,0.0,?,293.2,293.2
69136625,-0.00,19.53,0.0,?,290.5,290.5
69361500,-0.00,19.53,0.0,?,290.5,290.5
69586375,-0.00,19.71,0.0,?,287.9,287.9
69811250,-0.00,19.71,0.0,?,287.9,287.9
70036125,-0.00,19.88,0.0,?,285.3,285.3
70261000,-0.00,20.06,0.0,?,282.7,282.7
70485875,-0.00,20.06,0.0,?,282.7,282.7
70710750,-0.00,20.23,0.0,?,280.2,280.2
70935625,-0.00,20.23,0.0,?,280.2,280.2
71160500,-0.00,20.41,0.0,?,277.7,277.7
71385375,-0.00,20.41,0.0,?,277.7,277.7
71610250,-0.00,20.59,0.0,?,275.3,275.3
71835125,-0.00,20.59,0.0,?,275.3,275.3
72060000,-0.00,20.76,0.0,?,272.9,272.9
72284875,-0.00,20.94,0.0,?,270.6,270.6
72509750,-0.00,20.94,0.0,?,270.6,270.6
72734625,-0.00,21.11,0.0,?,268.3,268.3
72959500,-0.00,21.11,0.0,?,268.3,268.3
73184375,-0.00,21.29,0.0,?,266.0,266.0
73409250,-0.00,21.47,0.0,?,263.8,263.8
73634125,-0.00,21.47,0.0,?,263.8,263.8
73859000,-0.00,21.64,0.0,?,261.6,261.6
74083875,-0.00,21.64,0.0,?,261.6,261.6
74308750,-0.00,21.82,0.0,?,259.4,259.4
74533625,-0.00,21.82,0.0,?,259.4,259.4
74758500,-0.00,21.99,0.0,?,257.3,257.3
74983375,-0.00,21.99,0.0,?,257.3,257.3
75208250,-0.00,22.17,0.0,?,255.2,255.2
75433125,-0.00,22.17,0.0,?,255.2,255.2
75658000,-0.00,22.35,0.0,?,253.1,253.1
75882875,-0.00,22.35,0.0,?,253.1,253.1
76107750,-0.00,22.52,0.0,?,251.1,251.1
76332625,-0.00,22.52,0.0,?,251.1,251.1
76557500,-0.00,22.70,0.0,?,249.1,249.1
76782375,-0.00,22.70,0.0,?,249.1,249.1
77007250,-0.00,22.87,0.0,?,247.1,247.1
77232125,-0.00,22.87,0.0,?,247.1,247.1
77457000,-0.00,23.05,0.0,?,245.2,245.2
77681875,-0.00,23.05,0.0,?,245.2,245.2
77906750,-0.00,23.23,0.0,?,243.3,243.3
78131625,-0.00,23.40,0.0,?,241.4,241.4
78356500,-0.00,23.40,0.0,?,241.4,241.4
78581375,-0.00,23.58,0.0,?,239.6,239.6
78806250,-0.00,23.58,0.0,?,239.6,239.6
79031125,-0.00,23.75,0.0,?,237.7,237.7
79256000,-0.00,23.75,0.0,?,237.7,237.7
79480875,-0.00,23.93,0.0,?,235.9,235.9
79705750,-0.00,23.93,0.0,?,235.9,235.9
79930625,-0.00,24.11,0.0,?,234.2,234.2
80155500,-0.00,24.28,0.0,?,232.4,232.4
80380375,-0.00,24.28,0.0,?,232.4,232.4
80605250,-0.00,24.46,0.0,?,230.7,230.7
80830125,-0.00,24.46,0.0,?,230.7,230.7
81055000,-0.00,24.63,0.0,?,229.0,229.0
81279875,-0.00,24.63,0.0,?,229.0,229.0
81504750,-0.00,24.81,0.0,?,227.3,227.3
81729625,-0.00,24.81,0.0,?,227.3,227.3
81954500,-0.00,24.99,0.0,?,225.7,225.7
82179375,-0.00,25.16,0.0,?,224.0,224.0
82404250,-0.00,25.16,0.0,?,224.0,224.0
82629125,-0.00,25.34,0.0,?,222.4,222.4
82854000,-0.00,25.34,0.0,?,222.4,222.4
83078875,-0.00,25.51,0.0,?,220.9,220.9
83303750,-0.00,25.51,0.0,?,220.9,220.9
83528625,-0.00,25.69,0.0,?,219.3,219.3
83753500,-0.00,25.69,0.0,?,219.3,219.3
83978375,-0.00,25.87,0.0,?,217.7,217.7
84203250,-0.00,25.87,0.0,?,217.7,217.7
84428125,-0.00,26.04,0.0,?,216.2,216.2
84653000,-0.00,26.04,0.0,?,216.2,216.2
84877875,-0.00,26.22,0.0,?,214.7,214.7
85102750,-0.00,26.22,0.0,?,214.7,214.7
85327625,-0.00,26.39,0.0,?,213.2,213.2
85552500,-0.00,26.39,0.0,?,213.2,213.2
85777375,-0.00,26.57,0.0,?,211.8,211.8
86002250,-0.00,26.74,0.0,?,210.3,210.3
86227125,-0.00,26.74,0.0,?,210.3,210.3
86452000,-0.00,26.92,0.0,?,208.9,208.9
86676875,-0.00,26.92,0.0,?,208.9,208.9
86901750,-0.00,27.10,0.0,?,207.5,207.5
87126625,-0.00,27.10,0.0,?,207.5,207.5
87351500,-0.00,27.27,0.0,?,206.1,206.1
87576375,-0.00,27.27,0.0,?,206.1,206.1
87801250,-0.00,27.45,0.0,?,204.7,204.7
88026125,-0.00,27.45,0.0,?,204.7,204.7
88251000,-0.00,27.62,0.0,?,203.4,203.4
88475875,-0.00,27.62,0.0,?,203.4,203.4
88700750,-0.00,27.80,0.0,?,202.0,202.0
88925625,-0.00,27.80,0.0,?,202.0,202.0
89150500,-0.00,27.98,0.0,?,200.7,200.7
89375375,-0.00,27.98,0.0,?,200.7,200.7
89600250,-0.00,28.15,0.0,?,199.4,199.4
89825125,-0.00,28.15,0.0,?,199.4,199.4
90050000,-0.00,28.33,0.0,?,198.1,198.1
90274875,-0.00,28.33,0.0,?,198.1,198.1
90499750,-0.00,28.50,0.0,?,196.8,196.8
90724625,-0.00,28.68,0.0,?,195.6,195.6
90949500,-0.00,28.68,0.0,?,195.6,195.6
91174375,-0.00,28.86,0.0,?,194.3,194.3
91399250,-0.00,28.86,0.0,?,194.3,194.3
91624125,-0.00,29.03,0.0,?,193.1,193.1
91849000,-0.00,29.21,0.0,?,191.9,191.9
92073875,-0.00,29.21,0.0,?,191.9,191.9
92298750,-0.00,29.38,0.0,?,190.7,190.7
92523625,-0.00,29.38,0.0,?,190.7,190.7
92748500,-0.00,29.56,0.0,?,189.5,189.5
92973375,-0.00,29.56,0.0,?,189.5,189.5
93198250,-0.00,29.74,0.0,?,188.3,188.3
93423125,-0.00,29.91,0.0,?,187.2,187.2
93648000,-0.00,29.91,0.0,?,187.2,187.2
93872875,-0.00,30.09,0.0,?,186.0,186.0
94097750,-0.00,30.09,0.0,?,186.0,186.0
94322625,-0.00,30.26,0.0,?,184.9,184.9
94547500,-0.00,30.44,0.0,?,183.8,183.8
94772375,-0.00,30.44,0.0,?,183.8,183.8
94997250,-0.00,30.62,0.0,?,182.7,182.7
95222125,-0.00,30.62,0.0,?,182.7,182.7
95447000,-0.00,30.79,0.0,?,181.6,181.6
95671875,-0.00,30.79,0.0,?,181.6,181.6
95896750,-0.00,30.97,0.0,?,180.5,180.5
96121625,-0.00,30.97,0.0,?,180.5,180.5
96346500,-0.00,31.14,0.0,?,179.4,179.4
96571375,-0.00,31.32,0.0,?,178.4,178.4
96796250,-0.00,31.32,0.0,?,178.4,178.4
97021125,-0.00,31.50,0.0,?,177.3,177.3
97246000,-0.00,31.50,0.0,?,177.3,177.3
97470875,-0.00,31.67,0.0,?,176.3,176.3
97695750,-0.00,31.67,0.0,?,176.3,176.3
97920625,-0.00,31.85,0.0,?,175.3,175.3
98145500,-0.06,32.02,2.2,96.19,174.2,174.2
98370375,-0.06,32.02,2.2,96.19,174.2,174.2
98595250,-0.06,32.20,2.2,96.19,173.2,173.2
98820125,-0.00,32.38,0.0,?,172.2,172.2
99045000,-0.00,32.38,0.0,?,172.2,172.2
99269875,-0.06,32.55,2.1,96.19,171.2,171.2
99494750,-0.00,32.73,0.0,?,170.3,170.3
99719625,-0.00,32.73,0.0,?,170.3,170.3
99944500,-0.06,32.90,2.1,96.19,169.3,169.3
100169375,-0.00,32.90,0.0,?,169.3,169.3
100394250,-0.00,33.08,0.0,?,168.4,168.4
100619125,-0.00,33.26,0.0,?,167.4,167.4
100844000,-0.00,33.26,0.0,?,167.4,167.4
101068875,-0.00,33.43,0.0,?,166.5,166.5
101293750,-0.06,33.43,2.0,96.19,166.5,166.5
101518625,-0.06,33.61,2.0,96.19,165.5,165.6
101743500,-0.06,33.61,2.0,96.19,165.5,165.6
101968375,-0.06,33.78,2.0,96.19,164.6,164.6
102193250,-0.06,33.78,2.0,96.19,164.6,164.6
102418125,-0.06,33.78,2.0,96.19,164.6,164.6
102643000,-0.06,33.96,2.0,96.19,163.7,163.7
102867875,-0.06,33.96,2.0,96.19,163.7,163.7
103092750,-0.06,34.13,2.0,96.19,162.8,162.8
103317625,-0.06,34.13,2.0,96.19,162.8,162.8
103542500,-0.06,34.31,1.9,96.19,161.9,162.0
103767375,-0.06,34.31,1.9,96.19,161.9,162.0
103992250,-0.06,34.49,1.9,96.19,161.1,161.1
104217125,-0.06,34.49,1.9,96.19,161.1,161.1
104442000,-0.06,34.66,1.9,96.19,160.2,160.2
104666875,-0.06,34.84,1.9,96.19,159.3,159.4
104891750,-0.06,34.84,1.9,96.19,159.3,159.4
105116625,-0.06,35.01,1.9,96.19,158.5,158.5
105341500,-0.06,35.19,1.8,96.19,157.6,157.7
105566375,-0.06,35.19,1.8,96.19,157.6,157.7
105791250,-0.06,35.37,1.8,96.19,156.8,156.8
106016125,-0.06,35.54,1.8,96.19,156.0,156.0
106241000,-0.06,35.72,1.8,96.19,155.2,155.2
106465875,-0.06,35.72,1.8,96.19,155.2,155.2
106690750,-0.06,35.89,1.8,96.19,154.3,154.4
106915625,-0.06,36.07,1.8,96.19,153.5,153.6
107140500,-0.06,36.07,1.8,96.19,153.5,153.6
107365375,-0.06,36.25,1.7,96.19,152.7,152.8
107590250,-0.06,36.25,1.7,96.19,152.7,152.8
107815125,-0.00,36.42,0.0,?,152.0,152.0
108040000,-0.00,36.60,0.0,?,151.2,151.2
108264875,-0.06,36.60,1.7,96.19,151.2,151.2
108489750,-0.06,36.77,1.7,96.19,150.4,150.4
108714625,-0.06,36.95,1.7,96.19,149.6,149.6
108939500,-0.06,36.95,1.7,96.19,149.6,149.6
109164375,-0.06,37.13,1.7,96.19,148.9,148.9
109389250,-0.06,37.30,1.7,96.19,148.1,148.1
109614125,-0.06,37.30,1.7,96.19,148.1,148.1
109839000,-0.06,37.48,1.6,96.19,147.4,147.4
110063875,-0.06,37.65,1.6,96.19,146.6,146.6
110288750,-0.06,37.65,1.6,96.19,146.6,146.6
110513625,-0.06,37.83,1.6,96.19,145.9,145.9
110738500,-0.06,38.01,1.6,96.19,145.2,145.2
110963375,-0.06,38.18,1.6,96.19,144.5,144.5
111188250,-0.06,38.18,1.6,96.19,144.5,144.5
111413125,-0.06,38.36,1.6,96.19,143.7,143.7
111638000,-0.06,38.53,1.6,96.19,143.0,143.0
111862875,-0.12,38.71,3.1,48.10,142.3,142.3
112087750,-0.12,38.89,3.0,48.10,141.6,141.6
112312625,-0.12,38.89,3.0,48.10,141.6,141.6
112537500,-0.12,39.06,3.0,48.10,140.9,140.9
112762375,-0.12,39.24,3.0,48.10,140.2,140.2
112987250,-0.12,39.24,3.0,48.10,140.2,140.2
113212125,-0.12,39.41,3.0,48.10,139.5,139.6
113437000,-0.12,39.41,3.0,48.10,139.5,139.6
113661875,-0.12,39.59,2.9,48.10,138.9,138.9
113886750,-0.12,39.77,2.9,48.10,138.2,138.2
114111625,-0.18,39.94,4.3,98.73,137.5,137.5
114336500,-0.12,39.94,2.9,48.10,137.5,137.6
114561375,-0.12,40.12,2.9,48.10,136.9,136.9
114786250,-0.12,40.12,2.9,48.10,136.9,136.9
115011125,-0.12,40.29,2.8,48.10,136.2,136.3
115236000,-0.12,40.47,2.8,48.10,135.6,135.6
115460875,-0.12,40.47,2.8,48.10,135.6,135.6
115685750,-0.12,40.65,2.8,48.10,135.0,135.0
115910625,-0.12,40.82,2.8,48.10,134.3,134.3
116135500,-0.12,40.82,2.8,48.10,134.3,134.3
116360375,-0.18,41.00,4.1,98.73,133.6,133.7
116585250,-0.18,41.17,4.1,98.73,133.0,133.1
116810125,-0.18,41.17,4.1,98.73,133.0,133.1
117035000,-0.18,41.35,4.1,98.73,132.4,132.5
117259875,-0.18,41.52,4.0,98.73,131.8,131.8
117484750,-0.18,41.70,4.0,98.73,131.2,131.2
117709625,-0.18,41.88,4.0,98.73,130.6,130.6
117934500,-0.18,42.05,3.9,98.73,130.0,130.0
118159375,-0.18,42.23,3.9,98.73,129.4,129.4
118384250,-0.18,42.23,3.9,98.73,129.4,129.4
118609125,-0.23,42.40,5.2,74.05,128.7,128.8
118834000,-0.23,42.58,5.1,74.05,128.1,128.2
119058875,-0.23,42.76,5.1,74.05,127.6,127.7
119283750,-0.23,42.93,5.0,74.05,127.0,127.1
119508625,-0.23,43.11,5.0,74.05,126.4,126.5
119733500,-0.23,43.28,5.0,74.05,125.8,125.9
119958375,-0.23,43.46,4.9,74.05,125.3,125.4
120183250,-0.29,43.46,6.1,59.24,125.2,125.3
120408125,-0.29,43.64,6.1,59.24,124.6,124.8
120633000,-0.29,43.81,6.1,59.24,124.1,124.2
120857875,-0.29,43.99,6.0,59.24,123.5,123.7
121082750,-0.35,44.16,7.1,49.37,122.9,123.1
121307625,-0.35,44.34,7.1,49.37,122.4,122.6
121532500,-0.35,44.52,7.0,49.37,121.8,122.0
121757375,-0.41,44.69,8.1,42.32,121.2,121.4
121982250,-0.41,44.87,8.1,42.32,120.6,120.9
122207125,-0.41,44.87,8.1,42.32,120.6,120.9
122432000,-0.47,45.04,9.2,37.03,120.0,120.3
122656875,-0.41,45.22,8.0,42.32,119.6,119.9
122881750,-0.53,45.40,10.1,32.92,118.8,119.2
123106625,-0.53,45.40,10.1,32.92,118.8,119.2
123331500,-0.59,45.57,11.2,29.63,118.1,118.7
123556375,-0.59,45.57,11.2,29.63,118.1,118.7
123781250,-0.65,45.57,12.3,26.94,117.9,118.6
124006125,-0.70,45.57,13.4,24.70,117.7,118.5
124231000,-0.65,45.40,12.4,26.94,118.4,119.1
124455875,-0.65,45.40,12.4,26.94,118.4,119.1
124680750,-0.65,45.40,12.4,26.94,118.4,119.1
124905625,-0.70,45.40,13.5,24.70,118.2,119.0
125130500,-0.70,45.22,13.6,24.70,118.7,119.5
125355375,-0.70,45.22,13.6,24.70,118.7,119.5
125580250,-0.70,45.22,13.6,24.70,118.7,119.5
125805125,-0.65,45.22,12.5,26.94,118.9,119.6
126030000,-0.65,45.22,12.5,26.94,118.9,119.6
126254875,-0.65,45.40,12.4,26.94,118.4,119.1
126479750,-0.65,45.40,12.4,26.94,118.4,119.1
126704625,-0.65,45.57,12.3,26.94,117.9,118.6
126929500,-0.65,45.75,12.2,26.94,117.4,118.1
127154375,-0.65,46.10,12.0,26.94,116.5,117.1
127379250,-0.65,46.28,11.9,26.94,116.0,116.6
127604125,-0.65,46.63,11.8,26.94,115.0,115.6
127829000,-0.70,46.80,12.7,24.70,114.3,115.0
128053875,-0.70,47.16,12.5,24.70,113.4,114.1
128278750,-0.76,47.51,13.4,22.80,112.3,113.1
128503625,-0.76,47.86,13.2,22.80,111.4,112.1
128728500,-0.82,48.04,14.1,21.17,110.7,111.6
128953375,-0.88,48.39,14.9,19.76,109.6,110.6
129178250,-0.94,48.74,15.6,18.53,108.5,109.6
129403125,-1.06,48.91,17.4,16.48,107.6,109.0
129628000,-1.11,48.91,18.3,15.61,107.4,108.9
129852875,-1.23,49.09,20.0,14.13,106.4,108.2
130077750,-1.29,49.09,20.9,13.49,106.1,108.1
130302625,-1.41,48.91,22.9,12.37,105.9,108.3
130527500,-1.47,48.56,24.1,11.88,106.3,109.0
130752375,-1.58,48.21,26.2,11.00,106.4,109.6
130977250,-1.64,47.86,27.4,10.61,106.9,110.3
131202125,-1.64,47.51,27.8,10.61,107.7,111.2
131427000,-1.70,46.98,29.2,10.25,108.5,112.4
131651875,-1.76,46.63,30.5,9.91,108.9,113.1
131876750,-1.76,46.10,31.2,9.91,110.1,114.4
132101625,-1.76,45.75,31.6,9.91,111.0,115.4
132326500,-1.82,45.22,33.2,9.59,111.7,116.6
132551375,-1.82,44.87,33.7,9.59,112.6,117.5
132776250,-1.82,44.52,34.1,9.59,113.5,118.5
133001125,-1.88,43.99,35.8,9.29,114.2,119.7
133226000,-1.88,43.46,36.6,9.29,115.6,121.2
133450875,-1.82,43.11,36.1,9.59,117.0,122.5
133675750,-1.88,42.58,37.9,9.29,117.8,123.8
133900625,-1.82,42.05,37.7,9.59,119.8,125.6
134125500,-1.82,41.52,38.6,9.59,121.3,127.3
134350375,-1.82,41.17,39.2,9.59,122.2,128.4
134575250,-1.76,40.65,38.9,9.91,124.4,130.3
134800125,-1.64,40.12,37.6,10.61,127.2,132.7
135025000,-1.70,39.77,39.3,10.25,127.6,133.6
135249875,-1.64,39.24,39.1,10.61,129.9,135.7
135474750,-1.58,38.89,38.5,11.00,131.7,137.2
135699625,-1.47,38.53,36.5,11.88,134.2,139.1
135924500,-1.41,38.18,35.8,12.37,136.1,140.7
136149375,-1.35,37.83,35.1,12.90,138.0,142.4
136374250,-1.29,37.48,34.3,13.49,139.9,144.0
136599125,-1.17,37.13,32.0,14.83,142.5,146.0
136824000,-1.11,36.95,30.8,15.61,143.8,147.0
137048875,-1.06,36.77,29.5,16.48,145.0,148.0
137273750,-0.88,36.60,25.1,19.76,147.4,149.5
137498625,-0.82,36.60,23.5,21.17,147.8,149.7
137723500,-0.70,36.60,20.2,24.70,148.7,150.1
137948375,-0.59,36.77,16.8,29.63,148.7,149.7
138173250,-0.53,36.95,15.0,32.92,148.3,149.0
138398125,-0.41,37.13,11.6,42.32,148.1,148.5
138623000,-0.35,37.65,9.7,49.37,146.1,146.4
138847875,-0.29,38.01,7.9,59.24,144.8,145.0
139072750,-0.23,38.36,6.2,74.05,143.5,143.6
139297625,-0.18,38.89,4.6,98.73,141.5,141.6
139522500,-0.12,39.24,3.0,48.10,140.2,140.2
139747375,-0.12,39.77,2.9,48.10,138.2,138.2
139972250,-0.06,40.12,1.4,96.19,136.9,136.9
140197125,-0.06,40.65,1.4,96.19,135.0,135.0
140422000,-0.06,41.17,1.4,96.19,133.1,133.1
140646875,-0.00,41.52,0.0,?,131.9,131.9
140871750,-0.06,41.88,1.3,96.19,130.7,130.7
141096625,-0.06,42.23,1.3,96.19,129.5,129.5
141321500,-0.06,42.58,1.3,96.19,128.3,128.3
141546375,-0.06,42.93,1.3,96.19,127.1,127.1
141771250,-0.06,43.11,1.3,96.19,126.6,126.6
141996125,-0.06,43.28,1.2,96.19,126.0,126.0
142221000,-0.06,43.64,1.2,96.19,124.9,124.9
142445875,-0.06,43.81,1.2,96.19,124.3,124.3
142670750,-0.06,43.99,1.2,96.19,123.8,123.8
142895625,-0.06,43.99,1.2,96.19,123.8,123.8
143120500,-0.06,44.16,1.2,96.19,123.2,123.2
143345375,-0.06,44.34,1.2,96.19,122.7,122.7
143570250,-0.06,44.52,1.2,96.19,122.2,122.2
143795125,-0.06,44.52,1.2,96.19,122.2,122.2
144020000,-0.06,44.69,1.2,96.19,121.6,121.6
144244875,-0.06,44.87,1.2,96.19,121.1,121.1
144469750,-0.06,45.04,1.2,96.19,120.6,120.6
144694625,-0.00,45.04,0.0,?,120.6,120.6
144919500,-0.00,45.22,0.0,?,120.1,120.1
145144375,-0.00,45.40,0.0,?,119.5,119.5
145369250,-0.00,45.57,0.0,?,119.0,119.0
145594125,-0.00,45.57,0.0,?,119.0,119.0
145819000,-0.00,45.75,0.0,?,118.5,118.5
146043875,-0.00,45.92,0.0,?,118.0,118.0
146268750,-0.00,46.10,0.0,?,117.5,117.5
146493625,-0.00,46.10,0.0,?,117.5,117.5
146718500,-0.00,46.28,0.0,?,117.0,117.0
146943375,0.06,46.45,1.1,96.19,116.5,116.5
147168250,-0.00,46.63,0.0,?,116.0,116.0
147393125,0.06,46.80,1.1,96.19,115.5,115.5
147618000,0.06,46.98,1.1,96.19,115.0,115.0
147842875,0.06,46.98,1.1,96.19,115.0,115.0
148067750,0.06,47.16,1.1,96.19,114.6,114.6
148292625,0.06,47.33,1.0,96.19,114.1,114.1
148517500,0.06,47.51,1.0,96.19,113.6,113.6
148742375,0.06,47.51,1.0,96.19,113.6,113.6
148967250,0.06,47.68,1.0,96.19,113.1,113.1
149192125,0.06,47.86,1.0,96.19,112.7,112.7
149417000,0.06,48.04,1.0,96.19,112.2,112.2
149641875,0.06,48.21,1.0,96.19,111.7,111.7
149866750,0.06,48.21,1.0,96.19,111.7,111.7
150091625,0.06,48.39,1.0,96.19,111.3,111.3
150316500,0.06,48.56,1.0,96.19,110.8,110.8
150541375,0.06,48.56,1.0,96.19,110.8,110.8
150766250,0.06,48.74,1.0,96.19,110.4,110.4
150991125,0.06,48.91,1.0,96.19,109.9,109.9
151216000,0.06,49.09,1.0,96.19,109.5,109.5
151440875,0.06,49.09,1.0,96.19,109.5,109.5
151665750,0.06,49.27,1.0,96.19,109.0,109.0
151890625,0.06,49.44,1.0,96.19,108.6,108.6
152115500,0.06,49.44,1.0,96.19,108.6,108.6
152340375,0.12,49.62,1.9,48.10,108.1,108.2
152565250,0.12,49.79,1.9,48.10,107.7,107.7
152790125,0.06,49.97,0.9,96.19,107.3,107.3
153015000,0.06,49.97,0.9,96.19,107.3,107.3
153239875,0.12,50.15,1.9,48.10,106.8,106.9
153464750,0.12,50.32,1.9,48.10,106.4,106.4
153689625,0.12,50.32,1.9,48.10,106.4,106.4
153914500,0.06,50.50,0.9,96.19,106.0,106.0
154139375,0.06,50.67,0.9,96.19,105.6,105.6
154364250,0.12,50.85,1.8,48.10,105.2,105.2
154589125,0.12,50.85,1.8,48.10,105.2,105.2
154814000,0.06,51.03,0.9,96.19,104.8,104.8
155038875,0.12,51.20,1.8,48.10,104.3,104.3
155263750,0.12,51.20,1.8,48.10,104.3,104.3
155488625,0.12,51.38,1.8,48.10,103.9,103.9
155713500,0.12,51.55,1.8,48.10,103.5,103.5
155938375,0.18,51.73,2.7,98.73,103.1,103.1
156163250,0.18,51.73,2.7,98.73,103.1,103.1
156388125,0.18,51.91,2.6,98.73,102.7,102.7
156613000,0.18,52.08,2.6,98.73,102.3,102.3
156837875,0.18,52.26,2.6,98.73,101.9,101.9
157062750,0.18,52.26,2.6,98.73,101.9,101.9
157287625,0.18,52.43,2.6,98.73,101.5,101.5
157512500,0.18,52.61,2.6,98.73,101.1,101.1
157737375,0.18,52.79,2.6,98.73,100.7,100.7
157962250,0.18,52.79,2.6,98.73,100.7,100.7
158187125,0.18,52.96,2.5,98.73,100.3,100.3
158412000,0.18,53.14,2.5,98.73,99.9,100.0
158636875,0.18,53.14,2.5,98.73,99.9,100.0
158861750,0.18,53.31,2.5,98.73,99.5,99.6
159086625,0.18,53.49,2.5,98.73,99.2,99.2
159311500,0.18,53.67,2.5,98.73,98.8,98.8
159536375,0.18,53.67,2.5,98.73,98.8,98.8
159761250,0.18,53.84,2.5,98.73,98.4,98.4
159986125,0.18,54.02,2.5,98.73,98.0,98.1
160211000,0.23,54.02,3.3,74.05,98.0,98.1
160435875,0.18,54.19,2.4,98.73,97.7,97.7
160660750,0.18,54.37,2.4,98.73,97.3,97.3
160885625,0.23,54.55,3.2,74.05,96.9,97.0
161110500,0.23,54.55,3.2,74.05,96.9,97.0
161335375,0.23,54.72,3.2,74.05,96.5,96.6
161560250,0.23,54.90,3.2,74.05,96.2,96.2
161785125,0.23,54.90,3.2,74.05,96.2,96.2
162010000,0.23,55.07,3.2,74.05,95.8,95.9
162234875,0.23,55.25,3.1,74.05,95.5,95.5
162459750,0.23,55.25,3.1,74.05,95.5,95.5
162684625,0.23,55.43,3.1,74.05,95.1,95.2
162909500,0.23,55.60,3.1,74.05,94.8,94.8
163134375,0.23,55.78,3.1,74.05,94.4,94.5
163359250,0.23,55.78,3.1,74.05,94.4,94.5
163584125,0.23,55.95,3.1,74.05,94.1,94.1
163809000,0.23,56.13,3.0,74.05,93.7,93.8
164033875,0.23,56.13,3.0,74.05,93.7,93.8
164258750,0.23,56.30,3.0,74.05,93.4,93.4
164483625,0.23,56.48,3.0,74.05,93.0,93.1
164708500,0.23,56.66,3.0,74.05,92.7,92.7
164933375,0.23,56.66,3.0,74.05,92.7,92.7
165158250,0.23,56.83,3.0,74.05,92.3,92.4
165383125,0.23,57.01,3.0,74.05,92.0,92.0
165608000,0.23,57.01,3.0,74.05,92.0,92.0
165832875,0.23,57.18,2.9,74.05,91.7,91.7
166057750,0.23,57.36,2.9,74.05,91.3,91.4
166282625,0.23,57.54,2.9,74.05,91.0,91.0
166507500,0.23,57.54,2.9,74.05,91.0,91.0
166732375,0.23,57.71,2.9,74.05,90.7,90.7
166957250,0.23,57.89,2.9,74.05,90.3,90.4
167182125,0.23,58.06,2.9,74.05,90.0,90.1
167407000,0.23,58.06,2.9,74.05,90.0,90.1
167631875,0.23,58.24,2.8,74.05,89.7,89.7
167856750,0.23,58.42,2.8,74.05,89.4,89.4
168081625,0.23,58.42,2.8,74.05,89.4,89.4
168306500,0.23,58.59,2.8,74.05,89.0,89.1
168531375,0.23,58.77,2.8,74.05,88.7,88.8
168756250,0.23,58.77,2.8,74.05,88.7,88.8
168981125,0.23,58.94,2.8,74.05,88.4,88.5
169206000,0.23,59.12,2.8,74.05,88.1,88.1
169430875,0.23,59.30,2.8,74.05,87.8,87.8
169655750,0.23,59.30,2.8,74.05,87.8,87.8
169880625,0.23,59.47,2.7,74.05,87.5,87.5
170105500,0.23,59.65,2.7,74.05,87.2,87.2
170330375,0.29,59.65,3.4,59.24,87.1,87.2
170555250,0.29,59.82,3.4,59.24,86.8,86.9
170780125,0.29,60.00,3.4,59.24,86.5,86.6
171005000,0.29,60.00,3.4,59.24,86.5,86.6
171229875,0.29,60.18,3.4,59.24,86.2,86.3
171454750,0.29,60.35,3.3,59.24,85.9,86.0
171679625,0.29,60.35,3.3,59.24,85.9,86.0
171904500,0.29,60.53,3.3,59.24,85.6,85.7
172129375,0.29,60.70,3.3,59.24,85.3,85.4
172354250,0.29,60.88,3.3,59.24,85.0,85.1
172579125,0.29,60.88,3.3,59.24,85.0,85.1
172804000,0.29,61.06,3.3,59.24,84.7,84.8
173028875,0.29,61.23,3.3,59.24,84.4,84.5
173253750,0.29,61.41,3.2,59.24,84.1,84.2
173478625,0.29,61.41,3.2,59.24,84.1,84.2
173703500,0.29,61.58,3.2,59.24,83.8,83.9
173928375,0.29,61.76,3.2,59.24,83.5,83.6
174153250,0.29,61.94,3.2,59.24,83.2,83.3
174378125,0.29,61.94,3.2,59.24,83.2,83.3
174603000,0.29,62.11,3.2,59.24,82.9,83.0
174827875,0.29,62.29,3.2,59.24,82.7,82.7
175052750,0.29,62.46,3.1,59.24,82.4,82.4
175277625,0.29,62.64,3.1,59.24,82.1,82.1
175502500,0.29,62.64,3.1,59.24,82.1,82.1
175727375,0.29,62.82,3.1,59.24,81.8,81.9
175952250,0.29,62.99,3.1,59.24,81.5,81.6
176177125,0.29,63.17,3.1,59.24,81.2,81.3
176402000,0.29,63.17,3.1,59.24,81.2,81.3
176626875,0.29,63.34,3.1,59.24,81.0,81.0
176851750,0.29,63.52,3.0,59.24,80.7,80.7
177076625,0.35,63.70,3.6,49.37,80.4,80.5
177301500,0.35,63.87,3.6,49.37,80.1,80.2
177526375,0.35,63.87,3.6,49.37,80.1,80.2
177751250,0.35,64.05,3.6,49.37,79.8,79.9
177976125,0.35,64.22,3.6,49.37,79.6,79.6
178201000,0.35,64.40,3.6,49.37,79.3,79.4
178425875,0.35,64.57,3.5,49.37,79.0,79.1
178650750,0.35,64.75,3.5,49.37,78.7,78.8
178875625,0.35,64.75,3.5,49.37,78.7,78.8
179100500,0.35,64.93,3.5,49.37,78.5,78.6
179325375,0.35,65.10,3.5,49.37,78.2,78.3
179550250,0.35,65.28,3.5,49.37,78.0,78.0
179775125,0.41,65.28,4.1,42.32,77.9,78.0
