Frequency,Returnloss,Returnphase,Transmissionloss,Transmissionphase,Rs,Xs,|Z|,Magnitude,SWR
100000,-0.234604106,57.71260997,0,0,2.897165173,90.66732861,90.71360451,0.973351707,74.05171074
327146,0.234604106,5.982404692,0,0,232.4370443,896.7987518,926.4313147,1.027377867,74.05171074
554292,0.175953079,14.95601173,0,0,29.72149908,378.6242268,379.7889844,1.020463919,98.73298842
781438,0.234604106,23.22580645,0,0,16.59137929,242.2125713,242.7801548,1.027377867,74.05171074
1008584,0.293255132,31.31964809,0,0,11.54173346,177.6657047,178.040204,1.034338658,59.24339427
1235730,0.293255132,39.06158358,0,0,7.534253315,140.5963397,140.7980671,1.034338658,59.24339427
1462876,0.351906158,46.62756598,0,0,6.451444747,115.7186522,115.8983503,1.041346611,49.37155837
1690022,0.351906158,53.84164223,0,0,4.932521829,98.2699344,98.39364704,1.041346611,49.37155837
1917168,0.410557185,60.70381232,0,0,4.619519694,85.20066193,85.32580358,1.048402045,42.32056851
2144314,0.469208211,67.39002933,0,0,4.379705582,74.80860484,74.93670114,1.055505281,37.03260741
2371460,0.527859238,73.72434018,0,0,4.213584094,66.51469466,66.64802245,1.062656644,32.91999879
2598606,0.527859238,79.70674487,0,0,3.693655921,59.7639053,59.8779381,1.062656644,32.91999879
2825752,0.527859238,85.51319648,0,0,3.291916918,53.96904858,54.06935288,1.062656644,32.91999879
3052898,0.586510264,90.96774194,0,0,3.315237231,49.0525251,49.16442837,1.06985646,29.63013689
3280044,0.64516129,96.07038123,0,0,3.353387273,44.85268009,44.97786252,1.077105056,26.93863623
3507190,0.64516129,100.9970674,0,0,3.114541268,41.12365684,41.24142965,1.077105056,26.93863623
3734336,0.703812317,105.5718475,0,0,3.189277959,37.87335626,38.00740202,1.084402764,24.69590648
3961482,0.703812317,109.9706745,0,0,3.015937312,34.94389159,35.07379987,1.084402764,24.69590648
4188628,0.762463343,114.3695015,0,0,3.102582861,32.15388489,32.30322483,1.091749916,22.79838509
4415774,0.762463343,118.4164223,0,0,2.969951268,29.71863957,29.86667288,1.091749916,22.79838509
4642920,0.82111437,122.28739,0,0,3.076589581,27.47168,27.64341885,1.099146847,21.17209884
4870066,0.82111437,125.9824047,0,0,2.973450031,25.41435792,25.58771177,1.099146847,21.17209884
5097212,0.82111437,129.3255132,0,0,2.889614248,23.61004367,23.78621518,1.099146847,21.17209884
5324358,0.82111437,132.8445748,0,0,2.81021293,21.76337738,21.94406278,1.099146847,21.17209884
5551504,0.879765396,136.0117302,0,0,2.941524752,20.13523963,20.34896663,1.106593895,19.76280068
5778650,0.879765396,139.1788856,0,0,2.879297692,18.5511079,18.77322454,1.106593895,19.76280068
6005796,0.879765396,142.170088,0,0,2.826233127,17.0844049,17.31659564,1.106593895,19.76280068
6232942,0.879765396,144.9853372,0,0,2.781038067,15.72758468,15.97157139,1.106593895,19.76280068
6460088,0.938416422,147.8005865,0,0,2.922438377,14.38595983,14.67979857,1.114091398,18.52980532
6687234,0.938416422,150.4398827,0,0,2.88560576,13.15086756,13.46373047,1.114091398,18.52980532
6914380,0.938416422,153.0791789,0,0,2.852461516,11.93055938,12.26681637,1.114091398,18.52980532
7141526,0.938416422,155.542522,0,0,2.82471902,10.80359821,11.16677088,1.114091398,18.52980532
7368672,0.938416422,158.0058651,0,0,2.799945591,9.686995852,10.08353033,1.114091398,18.52980532
7595818,0.938416422,160.2932551,0,0,2.779515237,8.658419402,9.093620373,1.114091398,18.52980532
7822964,0.938416422,162.5806452,0,0,2.761493026,7.636887738,8.120831118,1.114091398,18.52980532
8050110,0.938416422,164.8680352,0,0,2.745819443,6.621529886,7.168276114,1.114091398,18.52980532
8277256,0.997067449,166.9794721,0,0,2.903850812,5.686854934,6.38534796,1.1216397,17.44200048
8504402,0.938416422,169.0909091,0,0,2.722886787,4.760389441,5.484106134,1.114091398,18.52980532
8731548,0.997067449,171.202346,0,0,2.883550896,3.833543162,4.796969767,1.1216397,17.44200048
8958694,0.997067449,173.1378299,0,0,2.876914247,2.987881648,4.147779205,1.1216397,17.44200048
9185840,0.938416422,175.2492669,0,0,2.702984994,2.068035767,3.403365953,1.114091398,18.52980532
9412986,0.997067449,177.1847507,0,0,2.868368881,1.224590409,3.118839801,1.1216397,17.44200048
9640132,0.938416422,178.7683284,0,0,2.698666236,0.535873351,2.751355976,1.114091398,18.52980532
9867278,0.997067449,179.8240469,0,0,2.866650391,0.076521713,2.867671535,1.1216397,17.44200048
10094424,0.997067449,180,0,0,2.866643654,3.05155E-15,2.866643654,1.1216397,17.44200048
10321570,0.997067449,180,0,0,2.866643654,3.05155E-15,2.866643654,1.1216397,17.44200048
10548716,0.997067449,180,0,0,2.866643654,3.05155E-15,2.866643654,1.1216397,17.44200048
10775862,0.997067449,178.4164223,0,0,2.867189377,0.688738292,2.948751492,1.1216397,17.44200048
11003008,0.997067449,176.8328446,0,0,2.868827377,1.377737133,3.182503751,1.1216397,17.44200048
11230154,0.997067449,175.0733138,0,0,2.871931528,2.143914386,3.583902844,1.1216397,17.44200048
11457300,0.997067449,173.6656891,0,0,2.875391845,2.757561017,3.98397051,1.1216397,17.44200048
11684446,0.997067449,172.0821114,0,0,2.880328324,3.448910696,4.493470401,1.1216397,17.44200048
11911592,0.997067449,170.6744868,0,0,2.885649841,4.064535753,4.984719239,1.1216397,17.44200048
12138738,0.997067449,169.0909091,0,0,2.892695124,4.758584691,5.568825131,1.1216397,17.44200048
12365884,0.997067449,167.6832845,0,0,2.899906979,5.377033188,6.109169043,1.1216397,17.44200048
12593030,0.997067449,166.2756598,0,0,2.908021499,5.997106952,6.664974181,1.1216397,17.44200048
12820176,0.997067449,164.8680352,0,0,2.917048622,6.61899841,7.233278137,1.1216397,17.44200048
13047322,0.938416422,163.4604106,0,0,2.75518976,7.245681745,7.751836851,1.114091398,18.52980532
13274468,0.938416422,162.0527859,0,0,2.765441508,7.872046473,8.343667204,1.114091398,18.52980532
13501614,0.938416422,160.6451613,0,0,2.776587434,8.500824204,8.942787593,1.114091398,18.52980532
13728760,0.938416422,159.4134897,0,0,2.787084551,9.053143733,9.472446978,1.114091398,18.52980532
13955906,0.938416422,158.1818182,0,0,2.798287033,9.60760428,10.00682119,1.114091398,18.52980532
14183052,0.938416422,156.7741935,0,0,2.811967532,10.24407502,10.62300496,1.114091398,18.52980532
14410198,0.938416422,155.542522,0,0,2.82471902,10.80359821,11.16677088,1.114091398,18.52980532
14637344,0.997067449,154.3108504,0,0,3.015164593,11.36121911,11.7545105,1.1216397,17.44200048
14864490,0.997067449,153.0791789,0,0,3.030295897,11.92582114,12.30479187,1.1216397,17.44200048
15091636,0.997067449,151.8475073,0,0,3.046244366,12.49330532,12.85932667,1.1216397,17.44200048
15318782,0.997067449,150.6158358,0,0,3.063025983,13.06382446,13.41810858,1.1216397,17.44200048
15545928,0.997067449,149.5601173,0,0,3.078086162,13.5553745,13.90046014,1.1216397,17.44200048
15773074,0.997067449,148.3284457,0,0,3.096460771,14.13194585,14.46720301,1.1216397,17.44200048
16000220,0.997067449,147.0967742,0,0,3.115719639,14.71200603,15.03831208,1.1216397,17.44200048
16227366,0.938416422,146.0410557,0,0,2.949127343,15.21835135,15.50146993,1.114091398,18.52980532
16454512,0.938416422,144.9853372,0,0,2.96598778,15.72148253,15.99881547,1.114091398,18.52980532
16681658,0.938416422,143.7536657,0,0,2.986482161,16.31214781,16.583282,1.114091398,18.52980532
16908804,0.938416422,142.6979472,0,0,3.004770619,16.82171282,17.08796853,1.114091398,18.52980532
17135950,0.938416422,141.6422287,0,0,3.023740565,17.33442586,17.59617365,1.114091398,18.52980532
17363096,0.938416422,140.5865103,0,0,3.043407068,17.85040311,18.10798768,1.114091398,18.52980532
17590242,0.938416422,139.3548387,0,0,3.067252761,18.45666072,18.70979327,1.114091398,18.52980532
17817388,0.938416422,138.4750733,0,0,3.084893518,18.89262786,19.14283039,1.114091398,18.52980532
18044534,0.938416422,137.4193548,0,0,3.106747191,19.41912103,19.66606569,1.114091398,18.52980532
18271680,0.938416422,136.3636364,0,0,3.129364934,19.94937,20.19332287,1.114091398,18.52980532
18498826,0.938416422,135.3079179,0,0,3.152765587,20.48350504,20.72471736,1.114091398,18.52980532
18725972,0.938416422,134.2521994,0,0,3.176968848,21.02165962,21.26036933,1.114091398,18.52980532
18953118,0.938416422,133.372434,0,0,3.197766159,21.47329086,21.71008818,1.114091398,18.52980532
19180264,0.938416422,132.3167155,0,0,3.223495003,22.01917251,22.25387333,1.114091398,18.52980532
19407410,0.879765396,131.2609971,0,0,3.047535266,22.57907023,22.78380749,1.106593895,19.76280068
19634556,0.879765396,130.3812317,0,0,3.068957738,23.04139716,23.24488083,1.106593895,19.76280068
19861702,0.938416422,129.3255132,0,0,3.301160198,23.59031231,23.82016989,1.114091398,18.52980532
20088848,0.938416422,128.4457478,0,0,3.325401615,24.05965599,24.28837875,1.114091398,18.52980532
20315994,0.938416422,127.5659824,0,0,3.350305671,24.53245522,24.76016775,1.114091398,18.52980532
20543140,0.938416422,126.5102639,0,0,3.381087545,25.10450799,25.33116804,1.114091398,18.52980532
20770286,0.938416422,125.6304985,0,0,3.407505957,25.58524312,25.81115577,1.114091398,18.52980532
20997432,0.938416422,124.7507331,0,0,3.434639793,26.06974229,26.2950226,1.114091398,18.52980532
21224578,0.938416422,123.8709677,0,0,3.46250688,26.55810687,26.78286755,1.114091398,18.52980532
21451724,0.938416422,122.9912023,0,0,3.491125728,27.05044072,27.27479243,1.114091398,18.52980532
21678870,0.938416422,122.111437,0,0,3.520515554,27.54685035,27.77090193,1.114091398,18.52980532
21906016,0.938416422,121.2316716,0,0,3.550696314,28.04744495,28.27130369,1.114091398,18.52980532
22133162,0.879765396,120.3519062,0,0,3.35861645,28.56572051,28.7624876,1.106593895,19.76280068
22360308,0.879765396,119.4721408,0,0,3.388474031,29.07538387,29.27216602,1.106593895,19.76280068
22587454,0.879765396,118.7683284,0,0,3.412937154,29.4863773,29.68323746,1.106593895,19.76280068
22814600,0.879765396,117.888563,0,0,3.444255641,30.0042993,30.20133893,1.106593895,19.76280068
23041746,0.879765396,117.0087977,0,0,3.476416936,30.52698199,30.72429176,1.106593895,19.76280068
23268892,0.879765396,116.1290323,0,0,3.509444433,31.0545529,31.25222322,1.106593895,19.76280068
23496038,0.879765396,115.2492669,0,0,3.543362455,31.58714307,31.78526427,1.106593895,19.76280068
23723184,0.879765396,114.5454545,0,0,3.571155015,32.01691947,32.21546648,1.106593895,19.76280068
23950330,0.879765396,113.6656891,0,0,3.6067404,32.55888633,32.75804718,1.106593895,19.76280068
24177476,0.879765396,112.7859238,0,0,3.643289716,33.10625934,33.30612508,1.106593895,19.76280068
24404622,0.879765396,112.0821114,0,0,3.673242145,33.54814799,33.74864355,1.106593895,19.76280068
24631768,0.82111437,111.202346,0,0,3.465074525,34.12215396,34.29764033,1.099146847,21.17209884
24858914,0.82111437,110.4985337,0,0,3.494437533,34.57268009,34.74883166,1.099146847,21.17209884
25086060,0.82111437,109.7947214,0,0,3.524441087,35.02702362,35.20389281,1.099146847,21.17209884
25313206,0.82111437,108.914956,0,0,3.562870064,35.60044781,35.77828849,1.099146847,21.17209884
25540352,0.879765396,108.2111437,0,0,3.850025885,36.0455628,36.25059029,1.106593895,19.76280068
25767498,0.879765396,107.3313783,0,0,3.893228947,36.62987912,36.83619519,1.106593895,19.76280068
25994644,0.879765396,106.627566,0,0,3.928650188,37.10204504,37.30946312,1.106593895,19.76280068
26221790,0.82111437,105.9237537,0,0,3.701632816,37.59795844,37.77973749,1.099146847,21.17209884
26448936,0.82111437,105.2199413,0,0,3.736203539,38.07922962,38.26208234,1.099146847,21.17209884
26676082,0.82111437,104.516129,0,0,3.771545113,38.56499215,38.7489764,1.099146847,21.17209884
26903228,0.82111437,103.8123167,0,0,3.807677513,39.05534575,39.24052038,1.099146847,21.17209884
27130374,0.82111437,102.9325513,0,0,3.853986666,39.67489998,39.861647,1.099146847,21.17209884
27357520,0.762463343,102.228739,0,0,3.615067899,40.1963323,40.35856596,1.091749916,22.79838509
27584666,0.762463343,101.5249267,0,0,3.651171431,40.70278965,40.86622246,1.091749916,22.79838509
27811812,0.762463343,100.8211144,0,0,3.688096672,41.21430403,41.37899121,1.091749916,22.79838509
28038958,0.762463343,100.1173021,0,0,3.725865895,41.7309901,41.8969881,1.091749916,22.79838509
28266104,0.703812317,99.41348974,0,0,3.47596431,42.27362865,42.41629412,1.084402764,24.69590648
28493250,0.703812317,98.8856305,0,0,3.503272591,42.66901117,42.81258498,1.084402764,24.69590648
28720396,0.703812317,98.18181818,0,0,3.540420774,43.20102393,43.34585387,1.084402764,24.69590648
28947542,0.703812317,97.65395894,0,0,3.568847637,43.60373018,43.74953668,1.084402764,24.69590648
29174688,0.703812317,96.95014663,0,0,3.607523899,44.14570537,44.29286095,1.084402764,24.69590648
29401834,0.703812317,96.42228739,0,0,3.637125135,44.55603496,44.7042384,1.084402764,24.69590648
29628980,0.703812317,95.71847507,0,0,3.677406261,45.10838186,45.25803167,1.084402764,24.69590648
29856126,0.703812317,95.01466276,0,0,3.718640864,45.66684707,45.81800095,1.084402764,24.69590648
30083272,0.703812317,94.48680352,0,0,3.750209177,46.0897978,46.24211857,1.084402764,24.69590648
30310418,0.64516129,93.7829912,0,0,3.47818133,46.6822352,46.81163134,1.077105056,26.93863623
30537564,0.64516129,93.25513196,0,0,3.508367522,47.11406325,47.24450866,1.077105056,26.93863623
30764710,0.64516129,92.55131965,0,0,3.549465314,47.69567169,47.8275632,1.077105056,26.93863623
30991856,0.64516129,92.02346041,0,0,3.580941688,48.13634396,48.26935626,1.077105056,26.93863623
31219002,0.64516129,91.31964809,0,0,3.623804973,48.72999354,48.86454986,1.077105056,26.93863623
31446148,0.64516129,90.61583578,0,0,3.667719398,49.33075422,49.46691296,1.077105056,26.93863623
31673294,0.64516129,90.08797654,0,0,3.701364392,49.78609584,49.92349584,1.077105056,26.93863623
31900440,0.703812317,89.38416422,0,0,4.086403103,50.37307013,50.5385485,1.084402764,24.69590648
32127586,0.64516129,88.85630499,0,0,3.782319122,50.86492169,51.00535459,1.077105056,26.93863623
32354732,0.703812317,88.15249267,0,0,4.176844098,51.46414368,51.63336239,1.084402764,24.69590648
32581878,0.64516129,87.62463343,0,0,3.866857154,51.96746564,52.11113191,1.077105056,26.93863623
32809024,0.703812317,86.92082111,0,0,4.271311999,52.57946168,52.7526672,1.084402764,24.69590648
33036170,0.703812317,86.39296188,0,0,4.313086962,53.0651419,53.24013527,1.084402764,24.69590648
33263316,0.586510264,85.68914956,0,0,3.644421407,53.77827915,53.90162442,1.06985646,29.63013689
33490462,0.64516129,85.16129032,0,0,4.047503741,54.24796504,54.39874996,1.077105056,26.93863623
33717608,0.64516129,84.63343109,0,0,4.088352774,54.75039771,54.90282941,1.077105056,26.93863623
33944754,0.64516129,83.92961877,0,0,4.144060576,55.42820084,55.58289923,1.077105056,26.93863623
34171900,0.64516129,83.40175953,0,0,4.186799093,55.94260088,56.09905418,1.077105056,26.93863623
34399046,0.64516129,82.87390029,0,0,4.230381383,56.46229731,56.62055408,1.077105056,26.93863623
34626192,0.64516129,82.17008798,0,0,4.289840629,57.16364511,57.32438447,1.077105056,26.93863623
34853338,0.64516129,81.64222874,0,0,4.335475922,57.69610935,57.85877103,1.077105056,26.93863623
35080484,0.64516129,81.1143695,0,0,4.382028861,58.23422746,58.39886492,1.077105056,26.93863623
35307630,0.586510264,80.41055718,0,0,4.043097651,58.99451513,59.13289655,1.06985646,29.63013689
35534776,0.586510264,79.88269795,0,0,4.087494282,59.54696193,59.68708642,1.06985646,29.63013689
35761922,0.586510264,79.35483871,0,0,4.132801393,60.10546969,60.24738611,1.06985646,29.63013689
35989068,0.586510264,78.82697947,0,0,4.179043115,60.67016229,60.81392105,1.06985646,29.63013689
36216214,0.586510264,78.29912023,0,0,4.226244396,61.2411669,61.38681996,1.06985646,29.63013689
36443360,0.586510264,77.771261,0,0,4.27443103,61.81861407,61.96621504,1.06985646,29.63013689
36670506,0.527859238,77.24340176,0,0,3.892864316,62.43726971,62.55850895,1.062656644,32.91999879
36897652,0.527859238,76.71554252,0,0,3.938122731,63.028742,63.15165183,1.062656644,32.91999879
37124798,0.527859238,76.18768328,0,0,3.984344037,63.62709016,63.75171841,1.062656644,32.91999879
37351944,0.527859238,75.65982405,0,0,4.031554892,64.23246013,64.35885618,1.062656644,32.91999879
37579090,0.527859238,75.13196481,0,0,4.079782889,64.84500189,64.97321678,1.062656644,32.91999879
37806236,0.469208211,74.60410557,0,0,3.67173209,65.49936232,65.6021957,1.055505281,37.03260741
38033382,0.469208211,74.07624633,0,0,3.71652844,66.1274698,66.23182654,1.055505281,37.03260741
38260528,0.469208211,73.5483871,0,0,3.76230937,66.76324622,66.86917091,1.055505281,37.03260741
38487674,0.469208211,73.02052786,0,0,3.809103176,67.4068599,67.51439868,1.055505281,37.03260741
38714820,0.469208211,72.49266862,0,0,3.856939186,68.058484,68.16768461,1.055505281,37.03260741
38941966,0.469208211,71.96480938,0,0,3.905847807,68.71829669,68.82920853,1.055505281,37.03260741
39169112,0.469208211,71.43695015,0,0,3.955860569,69.38648131,69.49915554,1.055505281,37.03260741
39396258,0.410557185,70.90909091,0,0,3.50751367,70.09878715,70.18648454,1.048402045,42.32056851
39623404,0.410557185,70.38123167,0,0,3.553335573,70.78510439,70.87423507,1.048402045,42.32056851
39850550,0.410557185,69.85337243,0,0,3.600214307,71.48040133,71.57100892,1.048402045,42.32056851
40077696,0.410557185,69.50146628,0,0,3.632069709,71.94902333,72.04064053,1.048402045,42.32056851
40304842,0.410557185,68.97360704,0,0,3.680781684,72.65974959,72.75291997,1.048402045,42.32056851
40531988,0.351906158,68.4457478,0,0,3.198870976,73.41436556,73.48402442,1.041346611,49.37155837
40759134,0.351906158,67.91788856,0,0,3.24265444,74.14522419,74.21609716,1.041346611,49.37155837
40986280,0.351906158,67.39002933,0,0,3.287482882,74.88610977,74.9582349,1.041346611,49.37155837
41213426,0.351906158,66.86217009,0,0,3.333389223,75.63726176,75.71067858,1.041346611,49.37155837
41440572,0.351906158,66.33431085,0,0,3.380407695,76.39892717,76.4736767,1.041346611,49.37155837
41667718,0.351906158,65.98240469,0,0,3.412388719,76.9126704,76.98833201,1.041346611,49.37155837
41894864,0.351906158,65.45454545,0,0,3.46134058,77.69242849,77.76949481,1.041346611,49.37155837
42122010,0.351906158,64.92668622,0,0,3.511502767,78.48339787,78.56191439,1.041346611,49.37155837
42349156,0.351906158,64.39882698,0,0,3.562914896,79.28585587,79.3658699,1.041346611,49.37155837
42576302,0.293255132,63.87096774,0,0,3.014112399,80.13595589,80.19261998,1.034338658,59.24339427
42803448,0.293255132,63.3431085,0,0,3.059180519,80.96317169,81.0209464,1.034338658,59.24339427
43030594,0.234604106,62.99120235,0,0,2.472649808,81.55214874,81.58962532,1.027377867,74.05171074
43257740,0.234604106,62.46334311,0,0,2.510281721,82.40100868,82.43923669,1.027377867,74.05171074
43484886,0.175953079,62.11143695,0,0,1.902400615,82.99897091,83.02077029,1.020463919,98.73298842
43712032,0.175953079,61.58357771,0,0,1.931872677,83.87028277,83.89252925,1.020463919,98.73298842
43939178,0.117302053,61.23167155,0,0,1.301535851,84.47722556,84.48725131,1.013596501,148.0966691
44166324,0.117302053,60.8797654,0,0,1.315160237,85.07206885,85.08223401,1.013596501,148.0966691
44393470,0.058651026,60.52785924,0,0,0.664586741,85.68469286,85.68727015,1.006775298,296.1899621
44620616,0,60.17595308,0,0,5.52172E-15,86.29625865,86.29625865,1,#DIV/0!
44847762,0,60,0,0,0,86.60254038,86.60254038,1,#DIV/0!
45074908,-0.058651026,59.82404692,0,0,0.678826588,86.90647185,86.90912297,0.993270298,296.1899621
45302054,-0.058651026,59.64809384,0,0,0.682466148,87.21599948,87.21866959,0.993270298,296.1899621
45529200,-0.117302053,59.47214076,0,0,1.372117168,87.51502531,87.52578112,0.986585884,148.0966691
45756346,-0.117302053,59.47214076,0,0,1.372117168,87.51502531,87.52578112,0.986585884,148.0966691
45983492,-0.058651026,59.47214076,0,0,0.6861383,87.52718946,87.52987879,0.993270298,296.1899621
46210638,-0.058651026,59.29618768,0,0,0.689843432,87.84005671,87.84276548,0.993270298,296.1899621
46437784,0,59.29618768,0,0,5.67135E-15,87.84414859,87.84414859,1,#DIV/0!
46664930,0,58.94428152,0,0,0,88.47504966,88.47504966,1,#DIV/0!
46892076,0,58.76832845,0,0,0,88.79307772,88.79307772,1,#DIV/0!
47119222,0.058651026,58.41642229,0,0,0.708877714,89.4300862,89.43289566,1.006775298,296.1899621
47346368,0.058651026,58.06451613,0,0,0.716736472,90.07838087,90.08123229,1.006775298,296.1899621
47573514,0.117302053,57.71260997,0,0,1.449301038,90.72056907,90.73214494,1.013596501,148.0966691
47800660,0.117302053,57.36070381,0,0,1.465601869,91.38317447,91.39492637,1.013596501,148.0966691
48027806,0.117302053,56.83284457,0,0,1.490626705,92.39114562,92.40316963,1.013596501,148.0966691
48254952,0.117302053,56.48093842,0,0,1.507703456,93.07270733,93.08491833,1.013596501,148.0966691
48482098,0.117302053,55.95307918,0,0,1.533928712,94.10978478,94.12228497,1.013596501,148.0966691
48709244,0.117302053,55.60117302,0,0,1.551831002,94.81121172,94.82391073,1.013596501,148.0966691
48936390,0.117302053,55.24926686,0,0,1.570078292,95.52085221,95.53375504,1.013596501,148.0966691
49163536,0.175953079,54.72140762,0,0,2.396617844,96.57500713,96.60473994,1.020463919,98.73298842
49390682,0.175953079,54.36950147,0,0,2.425327103,97.30537318,97.33559401,1.020463919,98.73298842
49617828,0.117302053,54.01759531,0,0,1.636791168,98.07160408,98.08526195,1.013596501,148.0966691
49844974,0.117302053,53.66568915,0,0,1.656704799,98.82022964,98.83411586,1.013596501,148.0966691
50072120,0.117302053,53.31378299,0,0,1.677015854,99.57799412,99.59211462,1.013596501,148.0966691
50299266,0.117302053,52.78592375,0,0,1.708250844,100.7321777,100.7466612,1.013596501,148.0966691
50526412,0.117302053,52.4340176,0,0,1.729602522,101.5136003,101.5283338,1.013596501,148.0966691
50753558,0.117302053,52.08211144,0,0,1.751390233,102.3048236,102.3198138,1.013596501,148.0966691
50980704,0.175953079,51.73020528,0,0,2.659743518,103.0751862,103.1094963,1.020463919,98.73298842
51207850,0.117302053,51.37829912,0,0,1.796321707,103.9174806,103.9330051,1.013596501,148.0966691
51434996,0.117302053,51.02639296,0,0,1.819490482,104.7393324,104.7551349,1.013596501,148.0966691
51662142,0.175953079,50.6744868,0,0,2.76396307,105.5389829,105.5751694,1.020463919,98.73298842
51889288,0.117302053,50.49853372,0,0,1.855159309,105.9921244,106.0083584,1.013596501,148.0966691
52116434,0.117302053,50.14662757,0,0,1.879569013,106.8409908,106.8575224,1.013596501,148.0966691
52343580,0.117302053,49.79472141,0,0,1.904499777,107.7010656,107.7179032,1.013596501,148.0966691
52570726,0.175953079,49.44281525,0,0,2.894116778,108.537227,108.5758055,1.020463919,98.73298842
52797872,0.117302053,49.09090909,0,0,1.955984486,109.4558078,109.4732832,1.013596501,148.0966691
53025018,0.117302053,48.73900293,0,0,1.982569787,110.3509758,110.3687838,1.013596501,148.0966691
53252164,0.175953079,48.38709677,0,0,3.013700446,111.2206202,111.2614432,1.020463919,98.73298842
53479310,0.175953079,48.03519062,0,0,3.055328727,112.1396407,112.1812554,1.020463919,98.73298842
53706456,0.175953079,47.68328446,0,0,3.097884137,113.0713928,113.1138221,1.020463919,98.73298842
53933602,0.117302053,47.3313783,0,0,2.09492391,114.0564827,114.0757202,1.013596501,148.0966691
54160748,0.175953079,46.97947214,0,0,3.185887874,114.9742364,115.0183677,1.020463919,98.73298842
54387894,0.175953079,46.62756598,0,0,3.231394606,115.945922,115.9909425,1.020463919,98.73298842
54615040,0.175953079,46.27565982,0,0,3.277945374,116.9315279,116.9774642,1.020463919,98.73298842
54842186,0.175953079,45.92375367,0,0,3.325572243,117.931374,117.978254,1.020463919,98.73298842
55069332,0.175953079,45.74780059,0,0,3.349799574,118.4367399,118.4841024,1.020463919,98.73298842
55296478,0.175953079,45.21994135,0,0,3.424188809,119.975117,120.0239716,1.020463919,98.73298842
55523624,0.175953079,45.04398827,0,0,3.449569143,120.4954808,120.5448482,1.020463919,98.73298842
55750770,0.175953079,44.69208211,0,0,3.501233331,121.547834,121.5982507,1.020463919,98.73298842
55977916,0.175953079,44.34017595,0,0,3.554134141,122.6159951,122.6674942,1.020463919,98.73298842
56205062,0.175953079,43.98826979,0,0,3.608311233,123.7003434,123.752959,1.020463919,98.73298842
56432208,0.175953079,43.63636364,0,0,3.663805868,124.8012702,124.855038,1.020463919,98.73298842
56659354,0.175953079,43.28445748,0,0,3.72066099,125.9191797,125.9741367,1.020463919,98.73298842
56886500,0.175953079,43.1085044,0,0,3.749612634,126.4846327,126.5401988,1.020463919,98.73298842
57113646,0.117302053,42.75659824,0,0,2.54005416,127.6835295,127.7087921,1.013596501,148.0966691
57340792,0.175953079,42.40469208,0,0,3.869048912,128.7910241,128.8491266,1.020463919,98.73298842
57567938,0.175953079,42.05278592,0,0,3.93103021,129.9717498,130.0311838,1.020463919,98.73298842
57795084,0.175953079,41.87683284,0,0,3.962608881,130.5691974,130.6293136,1.020463919,98.73298842
58022230,0.117302053,41.52492669,0,0,2.685765526,131.8383095,131.8656634,1.013596501,148.0966691
58249376,0.117302053,41.17302053,0,0,2.72982086,133.0689241,133.0969213,1.013596501,148.0966691
58476522,0.117302053,40.82111437,0,0,2.775021744,134.319805,134.3484676,1.013596501,148.0966691
58703668,0.117302053,40.46920821,0,0,2.821408153,135.5914809,135.6208319,1.013596501,148.0966691
58930814,0.117302053,40.29325513,0,0,2.845058901,136.2352874,136.2649914,1.013596501,148.0966691
59157960,0.117302053,39.94134897,0,0,2.893302429,137.5391881,137.5696168,1.013596501,148.0966691
59385106,0.117302053,39.58944282,0,0,2.942839329,138.8652886,138.8964675,1.013596501,148.0966691
59612252,0.117302053,39.41348974,0,0,2.968107262,139.5368495,139.5684135,1.013596501,148.0966691
59839398,0.117302053,39.06158358,0,0,3.019672172,140.8973761,140.9297308,1.013596501,148.0966691
60066544,0.117302053,38.8856305,0,0,3.045981592,141.5864993,141.6192599,1.013596501,148.0966691
60293690,0.117302053,38.53372434,0,0,3.099686532,142.9828696,143.0164642,1.013596501,148.0966691
60520836,0.117302053,38.35777126,0,0,3.127095365,143.690283,143.724306,1.013596501,148.0966691
60747982,0.117302053,38.18181818,0,0,3.154884238,144.4039619,144.4384211,1.013596501,148.0966691
60975128,0.117302053,37.82991202,0,0,3.211630454,145.8504658,145.8858216,1.013596501,148.0966691
61202274,0.117302053,37.47800587,0,0,3.269983554,147.3230968,147.3593826,1.013596501,148.0966691
61429420,0.117302053,37.30205279,0,0,3.299781682,148.0694408,148.1062047,1.013596501,148.0966691
61656566,0.117302053,36.95014663,0,0,3.360660674,149.5826634,149.6204104,1.013596501,148.0966691
61883712,0.117302053,36.59824047,0,0,3.423304984,151.1239228,151.1626907,1.013596501,148.0966691
62110858,0.117302053,36.42228739,0,0,3.455310509,151.9053201,151.944613,1.013596501,148.0966691
62338004,0.117302053,36.07038123,0,0,3.520732878,153.4901746,153.5305483,1.013596501,148.0966691
62565150,0.117302053,35.71847507,0,0,3.588099019,155.1051663,155.1466631,1.013596501,148.0966691
62792296,0.117302053,35.54252199,0,0,3.622535126,155.924243,155.9663179,1.013596501,148.0966691
63019442,0.117302053,35.19061584,0,0,3.692963767,157.5861367,157.6294023,1.013596501,148.0966691
63246588,0.117302053,34.83870968,0,0,3.765537771,159.2804825,159.3249867,1.013596501,148.0966691
63473734,0.117302053,34.6627566,0,0,3.802656583,160.1401334,160.1852757,1.013596501,148.0966691
63700880,0.117302053,34.31085044,0,0,3.878614887,161.8850305,161.9314879,1.013596501,148.0966691
63928026,0.117302053,34.13489736,0,0,3.917478086,162.7705402,162.8176754,1.013596501,148.0966691
64155172,0.117302053,33.7829912,0,0,3.997034171,164.5683613,164.6168941,1.013596501,148.0966691
64382318,0.117302053,33.43108504,0,0,4.079115757,166.402857,166.4528462,1.013596501,148.0966691
64609464,0.058651026,33.25513196,0,0,2.061382027,167.4040976,167.4167889,1.006775298,296.1899621
64836610,0.058651026,32.90322581,0,0,2.104454368,169.2980788,169.311158,1.006775298,296.1899621
65063756,0.058651026,32.72727273,0,0,2.126513675,170.2599106,170.27319,1.006775298,296.1899621
65290902,0.058651026,32.37536657,0,0,2.171716627,172.2140631,172.2277558,1.006775298,296.1899621
65518048,0.058651026,32.19941349,0,0,2.194876124,173.2067171,173.2206232,1.006775298,296.1899621
65745194,0.058651026,31.84750733,0,0,2.242352437,175.224041,175.2383882,1.006775298,296.1899621
65972340,0.117302053,31.67155425,0,0,4.531395555,176.1681746,176.2264432,1.013596501,148.0966691
66199486,0.117302053,31.31964809,0,0,4.631114394,178.2491154,178.309266,1.013596501,148.0966691
66426632,0.117302053,31.14369501,0,0,4.682245811,179.3067422,179.3678657,1.013596501,148.0966691
66653778,0.117302053,30.79178886,0,0,4.7871499,181.4572874,181.520423,1.013596501,148.0966691
66880924,0.117302053,30.61583578,0,0,4.840963157,182.5506106,182.6147868,1.013596501,148.0966691
67108070,0.117302053,30.4398827,0,0,4.895711927,183.6562451,183.7214858,1.013596501,148.0966691
67335216,0.117302053,30.08797654,0,0,5.00810381,185.9053102,185.9727546,1.013596501,148.0966691
67562362,0.117302053,29.91202346,0,0,5.065792446,187.0491845,187.1177696,1.013596501,148.0966691
67789508,0.117302053,29.5601173,0,0,5.184274016,189.3767654,189.4477131,1.013596501,148.0966691
68016654,0.117302053,29.38416422,0,0,5.245116653,190.5609479,190.6331192,1.013596501,148.0966691
68243800,0.117302053,29.20821114,0,0,5.307061578,191.7590519,191.8324761,1.013596501,148.0966691
68470946,0.117302053,28.85630499,0,0,5.434366183,194.1980405,194.2740623,1.013596501,148.0966691
68698092,0.117302053,28.68035191,0,0,5.499781883,195.4394487,195.516817,1.013596501,148.0966691
68925238,0.117302053,28.32844575,0,0,5.634286673,197.9674506,198.0476122,1.013596501,148.0966691
69152384,0.117302053,28.15249267,0,0,5.703437159,199.2546077,199.3362182,1.013596501,148.0966691
69379530,0.117302053,27.97653959,0,0,5.77389558,200.5575894,200.6406851,1.013596501,148.0966691
69606676,0.058651026,27.62463343,0,0,2.961142713,203.3341312,203.3556915,1.006775298,296.1899621
69833822,0.058651026,27.44868035,0,0,2.998479663,204.6887739,204.7107351,1.006775298,296.1899621
70060968,0.058651026,27.27272727,0,0,3.036541618,206.0605478,206.0829201,1.006775298,296.1899621
70288114,0.058651026,26.92082111,0,0,3.114916703,208.8568317,208.8800585,1.006775298,296.1899621
70515260,0.058651026,26.74486804,0,0,3.155269483,210.2820352,210.3057062,1.006775298,296.1899621
70742406,0.058651026,26.56891496,0,0,3.196426618,211.7257575,211.7498844,1.006775298,296.1899621
70969552,0.058651026,26.2170088,0,0,3.281240727,214.6702487,214.6953242,1.006775298,296.1899621
71196698,0.058651026,26.04105572,0,0,3.324942926,216.1717881,216.1973571,1.006775298,296.1899621
71423844,0.058651026,25.86510264,0,0,3.36953999,217.6933878,217.7194638,1.006775298,296.1899621
71650990,0.058651026,25.51319648,0,0,3.461517924,220.798427,220.8255589,1.006775298,296.1899621
71878136,0.058651026,25.3372434,0,0,3.508950561,222.3827248,222.4104067,1.006775298,296.1899621
72105282,0.058651026,25.16129032,0,0,3.55738167,223.9888003,224.0170476,1.006775298,296.1899621
72332428,0.058651026,24.80938416,0,0,3.657353152,227.2681362,227.2975626,1.006775298,296.1899621
72559574,0.058651026,24.63343109,0,0,3.708953004,228.9423558,228.972397,1.006775298,296.1899621
72786720,0.058651026,24.45747801,0,0,3.761670371,230.640272,230.6709458,1.006775298,296.1899621
73013866,0.058651026,24.10557185,0,0,3.870588813,234.1092685,234.1412631,1.006775298,296.1899621
73241012,0.058651026,23.92961877,0,0,3.926858496,235.8814239,235.914108,1.006775298,296.1899621
73468158,0.058651026,23.75366569,0,0,3.98438302,237.6794271,237.7128212,1.006775298,296.1899621
73695304,0.058651026,23.57771261,0,0,4.043199962,239.5038564,239.5379818,1.006775298,296.1899621
73922450,0.058651026,23.22580645,0,0,4.16486857,243.2343934,243.270048,1.006775298,296.1899621
74149596,0.058651026,23.04985337,0,0,4.227802741,245.1417469,245.1782013,1.006775298,296.1899621
74376742,0.058651026,22.69794721,0,0,4.358089144,249.043883,249.0820118,1.006775298,296.1899621
74603888,0.058651026,22.52199413,0,0,4.425533846,251.0400303,251.0790357,1.006775298,296.1899621
74831034,0.058651026,22.34604106,0,0,4.494577577,253.0671761,253.1070857,1.006775298,296.1899621
75058180,0.058651026,22.17008798,0,0,4.565271273,255.1260575,255.1669001,1.006775298,296.1899621
75285326,0.058651026,21.81818182,0,0,4.711822624,259.3420952,259.3848947,1.006775298,296.1899621
75512472,0.058651026,21.64222874,0,0,4.787792776,261.5008476,261.5446736,1.006775298,296.1899621
75739618,0.058651026,21.46627566,0,0,4.865638102,263.6945301,263.7394161,1.006775298,296.1899621
75966764,0.058651026,21.29032258,0,0,4.945420811,265.9240075,265.9699888,1.006775298,296.1899621
76193910,0.058651026,20.93841642,0,0,5.111060351,270.4939527,270.5422358,1.006775298,296.1899621
76421056,0.058651026,20.76246334,0,0,5.197055138,272.8362992,272.8857921,1.006775298,296.1899621
76648202,0.058651026,20.58651026,0,0,5.28526351,275.2182009,275.2689451,1.006775298,296.1899621
76875348,0.058651026,20.41055718,0,0,5.375762078,277.6406796,277.6927183,1.006775298,296.1899621
77102494,0,20.05865103,0,0,2.85984E-14,282.7178506,282.7178506,1,#DIV/0!
77329640,0.058651026,19.88269795,0,0,5.661816282,285.1623346,285.218536,1.006775298,296.1899621
77556786,0,19.70674487,0,0,2.96184E-14,287.8700793,287.8700793,1,#DIV/0!
77783932,0,19.53079179,0,0,5.42685E-14,290.5151185,290.5151185,1,#DIV/0!
78011078,0,19.35483871,0,0,6.1389E-15,293.2077785,293.2077785,1,#DIV/0!
78238224,0,19.17888563,0,0,2.50039E-14,295.9493702,295.9493702,1,#DIV/0!
78465370,0,18.82697947,0,0,4.53924E-14,301.5848365,301.5848365,1,#DIV/0!
78692516,0,18.65102639,0,0,1.32129E-14,304.4815847,304.4815847,1,#DIV/0!
78919662,0,18.47507331,0,0,1.34635E-14,307.4330163,307.4330163,1,#DIV/0!
79146808,0,18.29912023,0,0,4.11643E-14,310.4407089,310.4407089,1,#DIV/0!
79373954,0,17.94721408,0,0,1.42602E-14,316.6314966,316.6314966,1,#DIV/0!
79601100,0,17.771261,0,0,2.18125E-14,319.8180651,319.8180651,1,#DIV/0!
79828246,0,17.59530792,0,0,2.22474E-14,323.0678483,323.0678483,1,#DIV/0!
80055392,0,17.41935484,0,0,3.02607E-14,326.3827617,326.3827617,1,#DIV/0!
80282538,0,17.24340176,0,0,3.08766E-14,329.7647993,329.7647993,1,#DIV/0!
80509684,0,16.8914956,0,0,3.21667E-14,336.7386378,336.7386378,1,#DIV/0!
80736830,0,16.71554252,0,0,8.21064E-15,340.3348551,340.3348551,1,#DIV/0!
80963976,0,16.53958944,0,0,0,344.0070385,344.0070385,1,#DIV/0!
81191122,0,16.36363636,0,0,6.85204E-14,347.7576386,347.7576386,1,#DIV/0!
81418268,0,16.18768328,0,0,2.6253E-14,351.5892126,351.5892126,1,#DIV/0!
81645414,0,15.83577713,0,0,9.14162E-14,359.5060792,359.5060792,1,#DIV/0!
81872560,0,15.65982405,0,0,5.60813E-14,363.5970735,363.5970735,1,#DIV/0!
82099706,0,15.48387097,0,0,4.7796E-14,367.780459,367.780459,1,#DIV/0!
82326852,0,15.30791789,0,0,4.88943E-14,372.0594216,372.0594216,1,#DIV/0!
82553998,0,15.13196481,0,0,0,376.4372956,376.4372956,1,#DIV/0!
82781144,0,14.78005865,0,0,0,385.5039082,385.5039082,1,#DIV/0!
83008290,0,14.60410557,0,0,0,390.2001378,390.2001378,1,#DIV/0!
83235436,0,14.42815249,0,0,1.10004E-13,395.0102812,395.0102812,1,#DIV/0!
83462582,0.058651026,14.25219941,0,0,10.96137492,399.6425399,399.7928356,1.006775298,296.1899621
83689728,0,14.07624633,0,0,3.46632E-14,404.9893975,404.9893975,1,#DIV/0!
83916874,0,13.90029326,0,0,4.73891E-14,410.1674547,410.1674547,1,#DIV/0!
84144020,0,13.72434018,0,0,3.64545E-14,415.4776226,415.4776226,1,#DIV/0!
84371166,0,13.5483871,0,0,1.18443E-13,420.9250484,420.9250484,1,#DIV/0!
84598312,0,13.19648094,0,0,7.88299E-14,432.2536353,432.2536353,1,#DIV/0!
84825458,0,13.02052786,0,0,1.34942E-14,438.1465192,438.1465192,1,#DIV/0!
85052604,-0.058651026,12.84457478,0,0,13.48014411,443.7958201,444.0005003,0.993270298,296.1899621
85279750,-0.058651026,12.6686217,0,0,13.8552613,449.9998184,450.2130661,0.993270298,296.1899621
85506896,-0.058651026,12.49266862,0,0,14.24631984,456.3773592,456.5996623,0.993270298,296.1899621
85734042,0,12.31671554,0,0,0,463.3943874,463.3943874,1,#DIV/0!
85961188,0,12.14076246,0,0,6.20482E-14,470.16188,470.16188,1,#DIV/0!
86188334,-0.058651026,11.96480938,0,0,15.52464228,476.6274926,476.8802588,0.993270298,296.1899621
86415480,-0.058651026,11.7888563,0,0,15.9893228,483.7777242,484.0418834,0.993270298,296.1899621
86642626,0,11.43695015,0,0,2.62089E-14,499.3062474,499.3062474,1,#DIV/0!
86869772,-0.058651026,11.26099707,0,0,17.5162314,506.5597045,506.8624592,0.993270298,296.1899621
87096918,0,11.08504399,0,0,2.78938E-14,515.2613637,515.2613637,1,#DIV/0!
87324064,-0.058651026,10.90909091,0,0,18.65939737,522.9639441,523.2967226,0.993270298,296.1899621
87551210,-0.058651026,10.73313783,0,0,19.27353085,531.5666498,531.9159447,0.993270298,296.1899621
87778356,-0.058651026,10.55718475,0,0,19.9185715,540.4541237,540.8210511,0.993270298,296.1899621
88005502,-0.058651026,10.38123167,0,0,20.59662758,549.6407671,550.0265393,0.993270298,296.1899621
88232648,-0.058651026,10.20527859,0,0,21.30999011,559.1419674,559.5479027,0.993270298,296.1899621
88459794,-0.058651026,10.02932551,0,0,22.06115227,568.9741843,569.4017183,0.993270298,296.1899621
88686940,-0.058651026,9.853372434,0,0,22.85283112,579.1550441,579.6057427,0.993270298,296.1899621
88914086,-0.058651026,9.677419355,0,0,23.6879922,589.7034453,590.1790189,0.993270298,296.1899621
89141232,-0.058651026,9.501466276,0,0,24.56987723,600.6396749,601.1419948,0.993270298,296.1899621
89368378,0,9.325513196,0,0,7.87536E-14,613.0411987,613.0411987,1,#DIV/0!
89595524,0,9.149560117,0,0,3.40854E-14,624.8821721,624.8821721,1,#DIV/0!
89822670,-0.058651026,8.973607038,0,0,27.53312728,636.001864,636.5975527,0.993270298,296.1899621
90049816,-0.058651026,8.797653959,0,0,28.64104421,648.7249151,649.3568548,0.993270298,296.1899621
90276962,-0.058651026,8.62170088,0,0,29.81730111,661.9631608,662.634362,0.993270298,296.1899621
90504108,-0.058651026,8.445747801,0,0,31.06763218,675.748538,676.4623304,0.993270298,296.1899621
90731254,-0.058651026,8.269794721,0,0,32.39838551,690.1156734,690.8757472,0.993270298,296.1899621
90958400,-0.058651026,8.093841642,0,0,33.81660351,705.102171,705.912625,0.993270298,296.1899621
91185546,-0.058651026,7.917888563,0,0,35.33011602,720.7489391,721.6143363,0.993270298,296.1899621
91412692,-0.058651026,7.741935484,0,0,36.94764832,737.1005604,738.025992,0.993270298,296.1899621
91639838,-0.058651026,7.565982405,0,0,38.67894671,754.2057123,755.1968732,0.993270298,296.1899621
91866984,-0.058651026,7.390029326,0,0,40.53492524,772.1176471,773.180924,0.993270298,296.1899621
92094130,-0.058651026,7.214076246,0,0,42.5278375,790.8947408,792.0373148,0.993270298,296.1899621
92321276,-0.058651026,7.038123167,0,0,44.67147869,810.601122,811.8310908,0.993270298,296.1899621
92548422,-0.058651026,6.862170088,0,0,46.98142405,831.3073962,832.6339179,0.993270298,296.1899621
92775568,-0.058651026,6.686217009,0,0,49.47531147,853.0914821,854.524946,0.993270298,296.1899621
93002714,-0.058651026,6.51026393,0,0,52.17317776,876.039579,877.5918097,0.993270298,296.1899621
93229860,-0.058651026,6.33431085,0,0,55.09786059,900.2472931,901.9317951,0.993270298,296.1899621
93457006,-0.058651026,6.158357771,0,0,58.27548111,925.8209508,927.6532027,0.993270298,296.1899621
93684152,-0.058651026,5.982404692,0,0,61.73602635,952.8791371,954.8769485,0.993270298,296.1899621
93911298,-0.058651026,5.982404692,0,0,61.73602635,952.8791371,954.8769485,0.993270298,296.1899621
94138444,-0.058651026,5.630498534,0,0,69.64956166,1011.995923,1014.38987,0.993270298,296.1899621
94365590,-0.058651026,5.630498534,0,0,69.64956166,1011.995923,1014.38987,0.993270298,296.1899621
94592736,-0.058651026,5.454545455,0,0,74.18902767,1044.370996,1047.002764,0.993270298,296.1899621
94819882,-0.058651026,5.278592375,0,0,79.18673048,1078.869114,1081.77128,0.993270298,296.1899621
95047028,-0.058651026,5.102639296,0,0,84.70635994,1115.705072,1118.915983,0.993270298,296.1899621
95274174,-0.058651026,4.926686217,0,0,90.8230436,1155.123456,1158.688493,0.993270298,296.1899621
95501320,-0.058651026,4.750733138,0,0,97.62589711,1197.403943,1201.377134,0.993270298,296.1899621
95728466,-0.058651026,4.574780059,0,0,105.2212618,1242.867783,1247.31385,0.993270298,296.1899621
95955612,-0.058651026,4.574780059,0,0,105.2212618,1242.867783,1247.31385,0.993270298,296.1899621
96182758,-0.058651026,4.398826979,0,0,113.7368491,1291.885746,1296.882744,0.993270298,296.1899621
96409904,-0.058651026,4.2228739,0,0,123.3270927,1344.887948,1350.530698,0.993270298,296.1899621
96637050,-0.058651026,4.046920821,0,0,134.1801278,1402.376088,1408.780678,0.993270298,296.1899621
96864196,-0.058651026,3.870967742,0,0,146.526984,1464.938794,1472.248561,0.993270298,296.1899621
97091342,0,3.870967742,0,0,4.37219E-13,1479.577918,1479.577918,1,#DIV/0!
97318488,-0.058651026,3.695014663,0,0,160.6538317,1533.27104,1541.664599,0.993270298,296.1899621
97545634,-0.058651026,3.519061584,0,0,176.9184904,1608.198919,1617.901083,0.993270298,296.1899621
97772780,0,3.343108504,0,0,1.28694E-12,1713.361177,1713.361177,1,#DIV/0!
97999926,-0.058651026,3.343108504,0,0,195.7729753,1690.711536,1702.008389,0.993270298,296.1899621
98227072,-0.058651026,3.167155425,0,0,217.7947275,1782.002477,1795.262479,0.993270298,296.1899621
98454218,0,2.991202346,0,0,2.46692E-13,1915.041478,1915.041478,1,#DIV/0!
98681364,0,2.815249267,0,0,2.18296E-12,2034.784357,2034.784357,1,#DIV/0!
98908510,-0.058651026,2.815249267,0,0,274.5594567,1997.060642,2015.845754,0.993270298,296.1899621
99135656,-0.058651026,2.639296188,0,0,311.5843119,2124.823544,2147.547409,0.993270298,296.1899621
99362802,0,2.639296188,0,0,1.40025E-12,2170.48954,2170.48954,1,#DIV/0!
99589948,-0.058651026,2.463343109,0,0,356.5681248,2269.584617,2297.423592,0.993270298,296.1899621
99817094,-0.058651026,2.463343109,0,0,356.5681248,2269.584617,2297.423592,0.993270298,296.1899621
100044240,-0.058651026,2.287390029,0,0,411.9415166,2434.855404,2469.456752,0.993270298,296.1899621
100271386,-0.058651026,2.287390029,0,0,411.9415166,2434.855404,2469.456752,0.993270298,296.1899621
100498532,-0.058651026,2.11143695,0,0,481.1265077,2625.136302,2668.861803,0.993270298,296.1899621
100725678,-0.058651026,2.11143695,0,0,481.1265077,2625.136302,2668.861803,0.993270298,296.1899621
100952824,-0.058651026,2.11143695,0,0,481.1265077,2625.136302,2668.861803,0.993270298,296.1899621
101179970,-0.058651026,1.935483871,0,0,569.0562344,2846.262161,2902.590789,0.993270298,296.1899621
101407116,-0.058651026,1.935483871,0,0,569.0562344,2846.262161,2902.590789,0.993270298,296.1899621
101634262,-0.058651026,1.935483871,0,0,569.0562344,2846.262161,2902.590789,0.993270298,296.1899621
101861408,-0.058651026,1.759530792,0,0,683.0356064,3105.880259,3180.099027,0.993270298,296.1899621
102088554,-0.058651026,1.759530792,0,0,683.0356064,3105.880259,3180.099027,0.993270298,296.1899621
102315700,-0.058651026,1.759530792,0,0,683.0356064,3105.880259,3180.099027,0.993270298,296.1899621
102542846,-0.058651026,1.759530792,0,0,683.0356064,3105.880259,3180.099027,0.993270298,296.1899621
102769992,-0.058651026,1.759530792,0,0,683.0356064,3105.880259,3180.099027,0.993270298,296.1899621
102997138,-0.058651026,1.759530792,0,0,683.0356064,3105.880259,3180.099027,0.993270298,296.1899621
103224284,-0.058651026,1.759530792,0,0,683.0356064,3105.880259,3180.099027,0.993270298,296.1899621
103451430,-0.058651026,1.583577713,0,0,834.2168832,3414.096713,3514.537548,0.993270298,296.1899621
103678576,-0.058651026,1.583577713,0,0,834.2168832,3414.096713,3514.537548,0.993270298,296.1899621
103905722,-0.058651026,1.583577713,0,0,834.2168832,3414.096713,3514.537548,0.993270298,296.1899621
104132868,-0.058651026,1.583577713,0,0,834.2168832,3414.096713,3514.537548,0.993270298,296.1899621
104360014,-0.058651026,1.583577713,0,0,834.2168832,3414.096713,3514.537548,0.993270298,296.1899621
104587160,-0.058651026,1.583577713,0,0,834.2168832,3414.096713,3514.537548,0.993270298,296.1899621
104814306,-0.058651026,1.583577713,0,0,834.2168832,3414.096713,3514.537548,0.993270298,296.1899621
105041452,-0.058651026,1.759530792,0,0,683.0356064,3105.880259,3180.099027,0.993270298,296.1899621
105268598,-0.058651026,1.583577713,0,0,834.2168832,3414.096713,3514.537548,0.993270298,296.1899621
105495744,-0.058651026,1.759530792,0,0,683.0356064,3105.880259,3180.099027,0.993270298,296.1899621
105722890,-0.058651026,1.759530792,0,0,683.0356064,3105.880259,3180.099027,0.993270298,296.1899621
105950036,-0.058651026,1.759530792,0,0,683.0356064,3105.880259,3180.099027,0.993270298,296.1899621
106177182,-0.058651026,1.759530792,0,0,683.0356064,3105.880259,3180.099027,0.993270298,296.1899621
106404328,-0.117302053,1.759530792,0,0,1200.054985,2728.365902,2980.622832,0.986585884,148.0966691
106631474,-0.117302053,1.935483871,0,0,1020.498411,2552.067457,2748.538759,0.986585884,148.0966691
106858620,-0.117302053,1.935483871,0,0,1020.498411,2552.067457,2748.538759,0.986585884,148.0966691
107085766,-0.117302053,1.935483871,0,0,1020.498411,2552.067457,2748.538759,0.986585884,148.0966691
107312912,-0.117302053,1.935483871,0,0,1020.498411,2552.067457,2748.538759,0.986585884,148.0966691
107540058,-0.117302053,2.11143695,0,0,876.8164125,2392.000944,2547.641171,0.986585884,148.0966691
107767204,-0.058651026,2.11143695,0,0,481.1265077,2625.136302,2668.861803,0.993270298,296.1899621
107994350,-0.058651026,2.11143695,0,0,481.1265077,2625.136302,2668.861803,0.993270298,296.1899621
108221496,-0.058651026,2.287390029,0,0,411.9415166,2434.855404,2469.456752,0.993270298,296.1899621
108448642,-0.058651026,2.287390029,0,0,411.9415166,2434.855404,2469.456752,0.993270298,296.1899621
108675788,-0.058651026,2.463343109,0,0,356.5681248,2269.584617,2297.423592,0.993270298,296.1899621
108902934,-0.058651026,2.463343109,0,0,356.5681248,2269.584617,2297.423592,0.993270298,296.1899621
109130080,-0.058651026,2.639296188,0,0,311.5843119,2124.823544,2147.547409,0.993270298,296.1899621
109357226,-0.058651026,2.639296188,0,0,311.5843119,2124.823544,2147.547409,0.993270298,296.1899621
109584372,-0.058651026,2.815249267,0,0,274.5594567,1997.060642,2015.845754,0.993270298,296.1899621
109811518,-0.058651026,2.815249267,0,0,274.5594567,1997.060642,2015.845754,0.993270298,296.1899621
110038664,-0.058651026,2.991202346,0,0,243.7305482,1883.524265,1899.228326,0.993270298,296.1899621
110265810,-0.117302053,3.167155425,0,0,417.192863,1706.702855,1756.953193,0.986585884,148.0966691
110492956,-0.117302053,3.167155425,0,0,417.192863,1706.702855,1756.953193,0.986585884,148.0966691
110720102,-0.117302053,3.343108504,0,0,376.6186112,1626.217595,1669.258891,0.986585884,148.0966691
110947248,-0.117302053,3.519061584,0,0,341.6022284,1552.556234,1589.692719,0.986585884,148.0966691
111174394,-0.117302053,3.519061584,0,0,341.6022284,1552.556234,1589.692719,0.986585884,148.0966691
111401540,-0.117302053,3.695014663,0,0,311.1875228,1484.944163,1517.20033,0.986585884,148.0966691
111628686,-0.117302053,3.870967742,0,0,284.6125466,1422.708788,1450.897859,0.986585884,148.0966691
111855832,-0.117302053,4.046920821,0,0,261.2647678,1365.265916,1390.039676,0.986585884,148.0966691
112082978,-0.117302053,4.2228739,0,0,240.6476878,1312.10746,1333.99299,0.986585884,148.0966691
112310124,-0.117302053,4.398826979,0,0,222.3557344,1262.790632,1282.217709,0.986585884,148.0966691
112537270,-0.117302053,4.398826979,0,0,222.3557344,1262.790632,1282.217709,0.986585884,148.0966691
112764416,-0.175953079,4.574780059,0,0,298.7040909,1176.020626,1213.362537,0.979946455,98.73298842
112991562,-0.175953079,4.750733138,0,0,278.222405,1137.417981,1170.951481,0.979946455,98.73298842
113218708,-0.175953079,4.926686217,0,0,259.7417947,1101.099413,1131.320343,0.979946455,98.73298842
113445854,-0.175953079,5.102639296,0,0,243.0143339,1066.885032,1094.211879,0.979946455,98.73298842
113673000,-0.117302053,5.278592375,0,0,155.876606,1061.835871,1073.216164,0.986585884,148.0966691
113900146,-0.117302053,5.454545455,0,0,146.1844466,1028.907646,1039.240509,0.986585884,148.0966691
114127292,-0.117302053,5.630498534,0,0,137.3641846,997.9160122,1007.32581,0.986585884,148.0966691
114354438,-0.175953079,5.806451613,0,0,189.8355504,948.0032488,966.8235081,0.979946455,98.73298842
114581584,-0.175953079,5.982404692,0,0,179.2415327,922.125725,939.384575,0.979946455,98.73298842
114808730,-0.175953079,6.158357771,0,0,169.5009886,897.5645995,913.4291409,0.979946455,98.73298842
115035876,-0.175953079,6.33431085,0,0,160.5256578,874.2263446,888.8420492,0.979946455,98.73298842
115263022,-0.175953079,6.51026393,0,0,152.2382749,852.0255836,865.5195477,0.979946455,98.73298842
115490168,-0.234604106,6.686217009,0,0,188.478258,812.3792709,833.9569135,0.973351707,74.05171074
115717314,-0.234604106,6.862170088,0,0,179.4092711,793.5437125,813.5719453,0.973351707,74.05171074
115944460,-0.234604106,7.038123167,0,0,170.9700822,775.5101702,794.1327302,0.973351707,74.05171074
116171606,-0.234604106,7.038123167,0,0,170.9700822,775.5101702,794.1327302,0.973351707,74.05171074
116398752,-0.234604106,7.214076246,0,0,163.1046009,758.2319924,775.5764728,0.973351707,74.05171074
116625898,-0.234604106,7.390029326,0,0,155.7627457,741.6657118,757.845671,0.973351707,74.05171074
116853044,-0.293255132,7.565982405,0,0,182.0195058,709.7148632,732.6843028,0.966801339,59.24339427
117080190,-0.293255132,7.741935484,0,0,174.332494,695.4550652,716.9725003,0.966801339,59.24339427
117307336,-0.293255132,7.917888563,0,0,167.1137377,681.7134963,701.8976366,0.966801339,59.24339427
117534482,-0.293255132,7.917888563,0,0,167.1137377,681.7134963,701.8976366,0.966801339,59.24339427
117761628,-0.293255132,8.093841642,0,0,160.3267074,668.4650894,687.4228894,0.966801339,59.24339427
117988774,-0.351906158,8.269794721,0,0,180.6109861,641.0264221,665.9843858,0.960295054,49.37155837
118215920,-0.351906158,8.445747801,0,0,173.6999503,629.5205319,653.0450006,0.960295054,49.37155837
118443066,-0.351906158,8.62170088,0,0,167.1695667,618.3807358,640.5781751,0.960295054,49.37155837
118670212,-0.351906158,8.797653959,0,0,160.993064,607.5921318,628.5594366,0.960295054,49.37155837
118897358,-0.351906158,8.797653959,0,0,160.993064,607.5921318,628.5594366,0.960295054,49.37155837
119124504,-0.351906158,8.973607038,0,0,155.1459227,597.1404043,616.9658984,0.960295054,49.37155837
119351650,-0.410557185,9.149560117,0,0,170.8181628,574.4380366,599.2978414,0.953832554,42.32056851
119578796,-0.410557185,9.325513196,0,0,164.9432421,565.2549773,588.8288906,0.953832554,42.32056851
119805942,-0.410557185,9.325513196,0,0,164.9432421,565.2549773,588.8288906,0.953832554,42.32056851
120033088,-0.410557185,9.501466276,0,0,159.3589712,556.328237,578.7023319,0.953832554,42.32056851
120260234,-0.410557185,9.501466276,0,0,159.3589712,556.328237,578.7023319,0.953832554,42.32056851
120487380,-0.410557185,9.677419355,0,0,154.0470196,547.6489645,568.9023401,0.953832554,42.32056851
120714526,-0.469208211,9.853372434,0,0,166.7002256,527.8288619,553.5271201,0.947413545,37.03260741
120941672,-0.469208211,9.853372434,0,0,166.7002256,527.8288619,553.5271201,0.947413545,37.03260741
121168818,-0.469208211,10.02932551,0,0,161.4208946,520.1471618,544.6189265,0.947413545,37.03260741
121395964,-0.469208211,10.20527859,0,0,156.3815997,512.6566639,535.9776672,0.947413545,37.03260741
121623110,-0.469208211,10.38123167,0,0,151.56847,505.3517815,527.5921001,0.947413545,37.03260741
121850256,-0.410557185,10.38123167,0,0,135.2016479,515.2385659,532.6821429,0.953832554,42.32056851
122077402,-0.410557185,10.55718475,0,0,131.0206813,507.6729879,524.3074304,0.953832554,42.32056851
122304548,-0.469208211,10.73313783,0,0,142.5699093,491.2769966,511.5459573,0.947413545,37.03260741
122531694,-0.469208211,10.90909091,0,0,138.3612071,484.496439,503.8656796,0.947413545,37.03260741
122758840,-0.410557185,11.08504399,0,0,119.5604179,486.147925,500.6340964,0.953832554,42.32056851
122985986,-0.410557185,11.26099707,0,0,116.0676199,479.3410265,493.1931792,0.953832554,42.32056851
123213132,-0.410557185,11.61290323,0,0,109.5195274,466.2416745,478.9319638,0.953832554,42.32056851
123440278,-0.410557185,11.7888563,0,0,106.4484768,459.9374839,472.0950829,0.953832554,42.32056851
123667424,-0.410557185,12.14076246,0,0,100.6767819,447.7924333,458.9704541,0.953832554,42.32056851
123894570,-0.410557185,12.31671554,0,0,97.96326601,441.9411653,452.6685267,0.953832554,42.32056851
124121716,-0.527859238,12.49266862,0,0,119.1244685,423.7560137,440.1815513,0.941037734,32.91999879
124348862,-0.469208211,12.84457478,0,0,102.0398993,419.7211049,431.9466945,0.947413545,37.03260741
124576008,-0.469208211,13.02052786,0,0,99.4586976,414.6118641,426.3742844,0.947413545,37.03260741
124803154,-0.469208211,13.19648094,0,0,96.97287712,409.6158133,420.9380636,0.947413545,37.03260741
125030300,-0.527859238,13.5483871,0,0,102.459883,394.7233881,407.8045865,0.941037734,32.91999879
125257446,-0.527859238,13.72434018,0,0,100.0196006,390.2310203,402.8450939,0.941037734,32.91999879
125484592,-0.527859238,13.90029326,0,0,97.66410521,385.830493,397.999305,0.941037734,32.91999879
125711738,-0.586510264,14.07624633,0,0,104.581545,376.4006555,390.6593823,0.93470483,29.63013689
125938884,-0.586510264,14.25219941,0,0,102.204297,372.3481087,386.1202305,0.93470483,29.63013689
126166030,-0.64516129,14.60410557,0,0,105.9994631,359.4925661,374.794332,0.928414545,26.93863623
126393176,-0.64516129,14.78005865,0,0,103.6963838,355.8250775,370.6270711,0.928414545,26.93863623
126620322,-0.703812317,14.95601173,0,0,109.1457854,347.2475809,363.99682,0.922166591,24.69590648
126847468,-0.703812317,15.30791789,0,0,104.6314156,340.532655,356.2446102,0.922166591,24.69590648
127074614,-0.762463343,15.48387097,0,0,109.4587404,332.4649876,350.0202621,0.915960684,22.79838509
127301760,-0.762463343,15.65982405,0,0,107.2564556,329.3857614,346.4086129,0.915960684,22.79838509
127528906,-0.82111437,15.83577713,0,0,111.58231,321.6123218,340.4190028,0.909796541,21.17209884
127756052,-0.879765396,16.01173021,0,0,115.4827444,313.9570523,334.522488,0.903673881,19.76280068
127983198,-0.938416422,16.36363636,0,0,116.7766631,303.9255789,325.5880013,0.897592425,18.52980532
128210344,-0.938416422,16.36363636,0,0,116.7766631,303.9255789,325.5880013,0.897592425,18.52980532
128437490,-0.997067449,16.53958944,0,0,119.9060033,296.7091278,320.0214932,0.891551895,17.44200048
128664636,-1.055718475,16.71554252,0,0,122.6998319,289.6416185,314.5592407,0.885552016,16.47518773
128891782,-1.114369501,16.71554252,0,0,127.3831343,284.7907294,311.9811252,0.879592515,15.61026303
129118928,-1.173020528,16.8914956,0,0,129.5615494,277.9083427,306.625573,0.873673119,14.83194316
129346074,-1.231671554,16.8914956,0,0,133.6840247,273.0112379,303.9844642,0.867793559,14.12785597
129573220,-1.290322581,16.8914956,0,0,137.5527332,268.055755,301.2883041,0.861953566,13.48787882
129800366,-1.348973607,16.71554252,0,0,143.4781413,264.649891,301.0407644,0.856152875,12.90364949
130027512,-1.407624633,16.71554252,0,0,146.8616577,259.5112219,298.1852123,0.850391221,12.36819951
130254658,-1.46627566,16.53958944,0,0,152.3684067,255.7328091,297.6833906,0.844668342,11.87567532
130481804,-1.524926686,16.53958944,0,0,155.2650007,250.4746446,294.6943638,0.838983975,11.42112392
130708950,-1.642228739,16.36363636,0,0,162.745737,241.069876,290.8622699,0.827729747,10.60966541
130936096,-1.700879765,16.01173021,0,0,169.8071519,237.6690749,292.0976857,0.822159372,10.24602416
131163242,-1.759530792,15.65982405,0,0,176.7218406,233.87569,293.1355443,0.816626484,9.906700398
131390388,-1.759530792,15.13196481,0,0,184.5436608,236.190566,299.7371285,0.816626484,9.906700398
131617534,-1.818181818,14.60410557,0,0,194.1684773,232.1818378,302.6711142,0.811130831,9.589340803
131844680,-1.818181818,14.25219941,0,0,199.7997373,233.2793047,307.14682,0.811130831,9.589340803
132071826,-1.818181818,13.90029326,0,0,205.62066,234.2660982,311.7057276,0.811130831,9.589340803
132298972,-1.818181818,13.37243402,0,0,214.7163137,235.5119047,318.6988431,0.811130831,9.589340803
132526118,-1.818181818,13.02052786,0,0,221.0279913,236.1667439,323.4626777,0.811130831,9.589340803
132753264,-1.818181818,12.6686217,0,0,227.5413416,236.6641923,328.3062626,0.811130831,9.589340803
132980410,-1.818181818,12.14076246,0,0,237.6939499,237.0809276,335.7168153,0.811130831,9.589340803
133207556,-1.759530792,11.7888563,0,0,244.6692536,245.081769,346.306392,0.816626484,9.906700398
133434702,-1.759530792,11.43695015,0,0,252.1485581,245.1361498,351.6683485,0.816626484,9.906700398
133661848,-1.759530792,11.08504399,0,0,259.854506,244.9534271,357.108591,0.816626484,9.906700398
133888994,-1.700879765,10.73313783,0,0,268.2821997,253.5254578,369.121249,0.822159372,10.24602416
134116140,-1.642228739,10.38123167,0,0,277.2857041,262.7067288,381.9714479,0.827729747,10.60966541
134343286,-1.642228739,10.02932551,0,0,286.3720959,262.2140535,388.2849304,0.827729747,10.60966541
134570432,-1.583577713,9.853372434,0,0,291.7675865,272.3504773,399.1279332,0.833337863,11.00032611
134797578,-1.524926686,9.501466276,0,0,302.4848765,282.9540542,414.1981377,0.838983975,11.42112392
135024724,-1.46627566,9.325513196,0,0,308.4025174,294.6366551,426.5241743,0.844668342,11.87567532
135251870,-1.407624633,9.149560117,0,0,314.4244214,307.1670265,439.5614848,0.850391221,12.36819951
135479016,-1.348973607,8.973607038,0,0,320.5300698,320.6288684,453.3678384,0.856152875,12.90364949
135706162,-1.231671554,8.973607038,0,0,318.8585232,349.5669912,473.1467417,0.867793559,14.12785597
135933308,-1.173020528,8.797653959,0,0,324.0924492,365.9271409,488.8134491,0.873673119,14.83194316
136160454,-1.114369501,8.797653959,0,0,321.5150458,382.2363358,499.4762668,0.879592515,15.61026303
136387600,-1.055718475,8.797653959,0,0,317.9478564,399.1072802,510.2719476,0.885552016,16.47518773
136614746,-0.997067449,8.797653959,0,0,313.2807194,416.4917502,521.1623424,0.891551895,17.44200048
136841892,-0.938416422,8.973607038,0,0,299.3357751,431.3206347,525.0137105,0.897592425,18.52980532
137069038,-0.879765396,8.973607038,0,0,291.99491,448.8981863,535.5096723,0.903673881,19.76280068
137296184,-0.82111437,9.149560117,0,0,275.2975101,462.3772572,538.1277237,0.909796541,21.17209884
137523330,-0.762463343,9.325513196,0,0,257.4287115,474.5977034,539.9189954,0.915960684,22.79838509
137750476,-0.703812317,9.501466276,0,0,238.5363032,485.4141437,540.8571519,0.922166591,24.69590648
137977622,-0.64516129,9.677419355,0,0,218.7911537,494.7052535,540.9277741,0.928414545,26.93863623
138204768,-0.64516129,10.02932551,0,0,206.0446568,482.6552969,524.795709,0.928414545,26.93863623
138431914,-0.586510264,10.20527859,0,0,186.6595426,489.3981894,523.7865716,0.93470483,29.63013689
138659060,-0.586510264,10.38123167,0,0,181.1674897,483.0992979,515.9521208,0.93470483,29.63013689
138886206,-0.527859238,10.73313783,0,0,157.1958563,481.4276551,506.4416297,0.941037734,32.91999879
139113352,-0.469208211,10.90909091,0,0,138.3612071,484.496439,503.8656796,0.947413545,37.03260741
139340498,-0.469208211,11.26099707,0,0,130.4724895,471.4232837,489.1451553,0.947413545,37.03260741
139567644,-0.469208211,11.43695015,0,0,126.7735311,465.1207982,482.088047,0.947413545,37.03260741
139794790,-0.410557185,11.61290323,0,0,109.5195274,466.2416745,478.9319638,0.953832554,42.32056851
140021936,-0.410557185,11.96480938,0,0,103.5031113,453.7895065,465.4436703,0.953832554,42.32056851
140249082,-0.410557185,12.14076246,0,0,100.6767819,447.7924333,458.9704541,0.953832554,42.32056851
140476228,-0.351906158,12.49266862,0,0,82.71533113,441.5101156,449.191505,0.960295054,49.37155837
140703374,-0.351906158,12.6686217,0,0,80.51681227,435.7299731,443.1067214,0.960295054,49.37155837
140930520,-0.351906158,13.02052786,0,0,76.37316457,424.5910888,431.4052074,0.960295054,49.37155837
141157666,-0.351906158,13.19648094,0,0,74.4195641,419.2225995,425.7767719,0.960295054,49.37155837
141384812,-0.351906158,13.37243402,0,0,72.53956418,413.9819331,420.289221,0.960295054,49.37155837
141611958,-0.293255132,13.72434018,0,0,57.97875734,407.3454497,411.4509104,0.966801339,59.24339427
141839104,-0.293255132,13.90029326,0,0,56.55492518,402.3363741,406.2917886,0.966801339,59.24339427
142066250,-0.293255132,14.07624633,0,0,55.18283365,397.4447715,401.2573881,0.966801339,59.24339427
142293396,-0.293255132,14.42815249,0,0,52.58417019,387.9980943,391.5451648,0.966801339,59.24339427
142520542,-0.293255132,14.60410557,0,0,51.35309663,383.4355067,386.8590548,0.966801339,59.24339427
142747688,-0.293255132,14.78005865,0,0,50.16474142,378.9753478,382.2810688,0.966801339,59.24339427
142974834,-0.293255132,14.95601173,0,0,49.01716177,374.6142539,377.8075189,0.966801339,59.24339427
143201980,-0.293255132,15.13196481,0,0,47.90852348,370.3490033,373.4348817,0.966801339,59.24339427
143429126,-0.234604106,15.30791789,0,0,37.68161809,368.2729322,370.1957008,0.973351707,74.05171074
143656272,-0.234604106,15.48387097,0,0,36.84357833,364.1207601,365.980023,0.973351707,74.05171074
143883418,-0.234604106,15.65982405,0,0,36.03326464,360.058576,361.8571187,0.973351707,74.05171074
144110564,-0.234604106,15.83577713,0,0,35.2494712,356.0834981,357.8239551,0.973351707,74.05171074
144337710,-0.234604106,16.18768328,0,0,33.75694087,348.3837292,350.0153623,0.973351707,74.05171074
144564856,-0.234604106,16.18768328,0,0,33.75694087,348.3837292,350.0153623,0.973351707,74.05171074
144792002,-0.234604106,16.36363636,0,0,33.04609945,344.6538525,346.234491,0.973351707,74.05171074
145019148,-0.234604106,16.71554252,0,0,31.69040738,337.4219311,338.9068331,0.973351707,74.05171074
145246294,-0.234604106,16.8914956,0,0,31.04376213,333.9153042,335.3552528,0.973351707,74.05171074
145473440,-0.234604106,16.8914956,0,0,31.04376213,333.9153042,335.3552528,0.973351707,74.05171074
145700586,-0.234604106,17.24340176,0,0,29.80872163,327.1099336,328.4653232,0.973351707,74.05171074
145927732,-0.234604106,17.24340176,0,0,29.80872163,327.1099336,328.4653232,0.973351707,74.05171074
146154878,-0.234604106,17.59530792,0,0,28.6462847,320.5683264,321.8457107,0.973351707,74.05171074
146382024,-0.234604106,17.771261,0,0,28.09053169,317.3916905,318.6323323,0.973351707,74.05171074
146609170,-0.175953079,17.94721408,0,0,20.72954988,315.3019251,315.9826233,0.979946455,98.73298842
146836316,-0.175953079,18.12316716,0,0,20.33390558,312.2149787,312.8764303,0.979946455,98.73298842
147063462,-0.175953079,18.29912023,0,0,19.94955878,309.1861829,309.8291152,0.979946455,98.73298842
147290608,-0.175953079,18.47507331,0,0,19.57608402,306.2139031,306.8390091,0.979946455,98.73298842
147517754,-0.175953079,18.47507331,0,0,19.57608402,306.2139031,306.8390091,0.979946455,98.73298842
147744900,-0.175953079,18.82697947,0,0,18.86014665,300.4326514,301.0240574,0.979946455,98.73298842
147972046,-0.175953079,18.82697947,0,0,18.86014665,300.4326514,301.0240574,0.979946455,98.73298842
148199192,-0.175953079,19.00293255,0,0,18.51692785,297.6207012,298.1961744,0.979946455,98.73298842
148426338,-0.175953079,19.17888563,0,0,18.18306671,294.8593055,295.4194204,0.979946455,98.73298842
148653484,-0.175953079,19.35483871,0,0,17.85822656,292.1471055,292.6924111,0.979946455,98.73298842
148880630,-0.175953079,19.53079179,0,0,17.5420857,289.4827905,290.0138114,0.979946455,98.73298842
149107776,-0.175953079,19.70674487,0,0,17.23433664,286.8650961,287.3823337,0.979946455,98.73298842
149334922,-0.175953079,19.88269795,0,0,16.93468534,284.2928015,284.7967355,0.979946455,98.73298842
149562068,-0.175953079,20.05865103,0,0,16.64285051,281.7647282,282.2558175,0.979946455,98.73298842
149789214,-0.175953079,20.23460411,0,0,16.35856296,279.2797379,279.7584219,0.979946455,98.73298842
150016360,-0.175953079,20.41055718,0,0,16.08156498,276.8367311,277.3034302,0.979946455,98.73298842
150243506,-0.175953079,20.58651026,0,0,15.81160974,274.4346449,274.8897621,0.979946455,98.73298842
150470652,-0.175953079,20.58651026,0,0,15.81160974,274.4346449,274.8897621,0.979946455,98.73298842
150697798,-0.175953079,20.76246334,0,0,15.54846077,272.0724521,272.5163735,0.979946455,98.73298842
150924944,-0.175953079,20.93841642,0,0,15.29189144,269.7491596,270.1822553,0.979946455,98.73298842
151152090,-0.175953079,21.1143695,0,0,15.04168444,267.4638067,267.8864315,0.979946455,98.73298842
151379236,-0.175953079,21.29032258,0,0,14.79763139,265.2154639,265.6279582,0.979946455,98.73298842
151606382,-0.175953079,21.46627566,0,0,14.55953232,263.0032319,263.4059225,0.979946455,98.73298842
151833528,-0.175953079,21.46627566,0,0,14.55953232,263.0032319,263.4059225,0.979946455,98.73298842
152060674,-0.175953079,21.64222874,0,0,14.32719534,260.8262402,261.2194405,0.979946455,98.73298842
152287820,-0.175953079,21.81818182,0,0,14.1004362,258.6836458,259.067657,0.979946455,98.73298842
152514966,-0.175953079,21.9941349,0,0,13.87907798,256.5746325,256.9497438,0.979946455,98.73298842
152742112,-0.175953079,22.17008798,0,0,13.66295067,254.4984095,254.8648988,0.979946455,98.73298842
152969258,-0.175953079,22.34604106,0,0,13.45189093,252.4542106,252.8123451,0.979946455,98.73298842
153196404,-0.175953079,22.34604106,0,0,13.45189093,252.4542106,252.8123451,0.979946455,98.73298842
153423550,-0.175953079,22.52199413,0,0,13.24574172,250.4412933,250.7913298,0.979946455,98.73298842
153650696,-0.175953079,22.69794721,0,0,13.04435205,248.4589377,248.8011231,0.979946455,98.73298842
153877842,-0.175953079,22.87390029,0,0,12.84757665,246.5064458,246.8410178,0.979946455,98.73298842
154104988,-0.175953079,23.04985337,0,0,12.65527579,244.5831407,244.9103279,0.979946455,98.73298842
154332134,-0.117302053,23.04985337,0,0,8.448562477,244.9319748,245.0776417,0.986585884,148.0966691
154559280,-0.175953079,23.22580645,0,0,12.46731494,242.6883656,243.0083882,0.979946455,98.73298842
154786426,-0.175953079,23.40175953,0,0,12.28356462,240.8214833,241.1345533,0.979946455,98.73298842
155013572,-0.175953079,23.57771261,0,0,12.10390013,238.9818754,239.2881969,0.979946455,98.73298842
155240718,-0.117302053,23.75366569,0,0,7.962520845,237.4877414,237.6211881,0.986585884,148.0966691
155467864,-0.117302053,23.75366569,0,0,7.962520845,237.4877414,237.6211881,0.986585884,148.0966691
155695010,-0.117302053,23.92961877,0,0,7.847653339,235.6939326,235.8245439,0.986585884,148.0966691
155922156,-0.117302053,24.10557185,0,0,7.735288964,233.9258502,234.0537077,0.986585884,148.0966691
156149302,-0.117302053,24.28152493,0,0,7.625355556,232.1829372,232.3081195,0.986585884,148.0966691
156376448,-0.117302053,24.45747801,0,0,7.517783532,230.4646526,230.5872354,0.986585884,148.0966691
156603594,-0.117302053,24.63343109,0,0,7.412505779,228.7704704,228.8905271,0.986585884,148.0966691
156830740,-0.117302053,24.63343109,0,0,7.412505779,228.7704704,228.8905271,0.986585884,148.0966691
157057886,-0.117302053,24.80938416,0,0,7.309457552,227.0998799,227.2174809,0.986585884,148.0966691
157285032,-0.117302053,24.98533724,0,0,7.208576373,225.4523845,225.567598,0.986585884,148.0966691
157512178,-0.117302053,25.16129032,0,0,7.109801937,223.8275014,223.9403931,0.986585884,148.0966691
157739324,-0.117302053,25.16129032,0,0,7.109801937,223.8275014,223.9403931,0.986585884,148.0966691
157966470,-0.117302053,25.3372434,0,0,7.013076022,222.2247611,222.3353946,0.986585884,148.0966691
158193616,-0.175953079,25.51319648,0,0,10.36580152,220.3863146,220.629956,0.979946455,98.73298842
158420762,-0.175953079,25.68914956,0,0,10.22692518,218.8317467,219.0705899,0.979946455,98.73298842
158647908,-0.117302053,25.86510264,0,0,6.734636639,217.5448945,217.6491131,0.986585884,148.0966691
158875054,-0.175953079,25.86510264,0,0,10.09086645,217.2978477,217.5320211,0.979946455,98.73298842
159102200,-0.175953079,26.04105572,0,0,9.957549693,215.7842019,216.0138296,0.979946455,98.73298842
159329346,-0.175953079,26.2170088,0,0,9.826901792,214.2904047,214.5156068,0.979946455,98.73298842
159556492,-0.175953079,26.39296188,0,0,9.698852049,212.8160621,213.0369546,0.979946455,98.73298842
159783638,-0.175953079,26.56891496,0,0,9.573332092,211.3607904,211.5774856,0.979946455,98.73298842
160010784,-0.175953079,26.56891496,0,0,9.573332092,211.3607904,211.5774856,0.979946455,98.73298842
160237930,-0.175953079,26.74486804,0,0,9.45027578,209.9242161,210.1368227,0.979946455,98.73298842
160465076,-0.117302053,26.92082111,0,0,6.226046756,208.7251247,208.8179622,0.986585884,148.0966691
160692222,-0.175953079,27.09677419,0,0,9.211300182,207.1057131,207.3104543,0.979946455,98.73298842
160919368,-0.117302053,27.27272727,0,0,6.069488167,205.9338717,206.0232953,0.986585884,148.0966691
161146514,-0.117302053,27.27272727,0,0,6.069488167,205.9338717,206.0232953,0.986585884,148.0966691
161373660,-0.117302053,27.44868035,0,0,5.993455503,204.5645175,204.6522986,0.986585884,148.0966691
161600806,-0.117302053,27.62463343,0,0,5.918869973,203.2122331,203.298413,0.986585884,148.0966691
161827952,-0.117302053,27.80058651,0,0,5.845695108,201.8766955,201.9613139,0.986585884,148.0966691
162055098,-0.117302053,27.97653959,0,0,5.77389558,200.5575894,200.6406851,0.986585884,148.0966691
162282244,-0.117302053,28.15249267,0,0,5.703437159,199.2546077,199.3362182,0.986585884,148.0966691
162509390,-0.117302053,28.15249267,0,0,5.703437159,199.2546077,199.3362182,0.986585884,148.0966691
162736536,-0.117302053,28.32844575,0,0,5.634286673,197.9674506,198.0476122,0.986585884,148.0966691
162963682,-0.117302053,28.50439883,0,0,5.566411972,196.695826,196.7745739,0.986585884,148.0966691
163190828,-0.117302053,28.50439883,0,0,5.566411972,196.695826,196.7745739,0.986585884,148.0966691
163417974,-0.117302053,28.68035191,0,0,5.499781883,195.4394487,195.516817,0.986585884,148.0966691
163645120,-0.117302053,28.85630499,0,0,5.434366183,194.1980405,194.2740623,0.986585884,148.0966691
163872266,-0.117302053,29.03225806,0,0,5.370135559,192.9713299,193.0460373,0.986585884,148.0966691
164099412,-0.117302053,29.20821114,0,0,5.307061578,191.7590519,191.8324761,0.986585884,148.0966691
164326558,-0.117302053,29.20821114,0,0,5.307061578,191.7590519,191.8324761,0.986585884,148.0966691
164553704,-0.117302053,29.38416422,0,0,5.245116653,190.5609479,190.6331192,0.986585884,148.0966691
164780850,-0.117302053,29.5601173,0,0,5.184274016,189.3767654,189.4477131,0.986585884,148.0966691
165007996,-0.117302053,29.73607038,0,0,5.124507687,188.2062579,188.2760104,0.986585884,148.0966691
165235142,-0.117302053,29.73607038,0,0,5.124507687,188.2062579,188.2760104,0.986585884,148.0966691
165462288,-0.175953079,29.91202346,0,0,7.592484459,186.8893607,187.0435216,0.979946455,98.73298842
165689434,-0.117302053,30.08797654,0,0,5.00810381,185.9053102,185.9727546,0.986585884,148.0966691
165916580,-0.175953079,30.26392962,0,0,7.421206034,184.6200866,184.7691822,0.979946455,98.73298842
166143726,-0.117302053,30.26392962,0,0,4.951418,184.7744052,184.8407351,0.986585884,148.0966691
166370872,-0.175953079,30.4398827,0,0,7.337782484,183.5045846,183.6512337,0.979946455,98.73298842
166598018,-0.175953079,30.61583578,0,0,7.255791034,182.4015476,182.5458054,0.979946455,98.73298842
166825164,-0.175953079,30.79178886,0,0,7.175199125,181.310763,181.4526832,0.979946455,98.73298842
167052310,-0.175953079,30.79178886,0,0,7.175199125,181.310763,181.4526832,0.979946455,98.73298842
167279456,-0.175953079,30.96774194,0,0,7.095975119,180.232023,180.3716579,0.979946455,98.73298842
167506602,-0.175953079,31.14369501,0,0,7.018088266,179.1651246,179.3025249,0.979946455,98.73298842
167733748,-0.175953079,31.14369501,0,0,7.018088266,179.1651246,179.3025249,0.979946455,98.73298842
167960894,-0.175953079,31.31964809,0,0,6.941508674,178.1098693,178.2450843,0.979946455,98.73298842
168188040,-0.175953079,31.49560117,0,0,6.866207283,177.0660627,177.1991404,0.979946455,98.73298842
168415186,-0.175953079,31.67155425,0,0,6.792155836,176.0335151,176.1645022,0.979946455,98.73298842
168642332,-0.175953079,31.67155425,0,0,6.792155836,176.0335151,176.1645022,0.979946455,98.73298842
168869478,-0.117302053,31.84750733,0,0,4.482770834,175.1444823,175.2018405,0.986585884,148.0966691
169096624,-0.117302053,32.02346041,0,0,4.434945228,174.13173,174.1881974,0.986585884,148.0966691
169323770,-0.175953079,32.02346041,0,0,6.647693596,174.0014581,174.1283987,0.979946455,98.73298842
169550916,-0.175953079,32.19941349,0,0,6.577230068,173.0015892,173.1265717,0.979946455,98.73298842
169778062,-0.117302053,32.37536657,0,0,4.341622235,172.138333,172.1930759,0.986585884,148.0966691
170005208,-0.117302053,32.55131965,0,0,4.296091445,171.1573419,171.2112499,0.986585884,148.0966691
170232354,-0.175953079,32.55131965,0,0,6.43971167,171.0333014,171.1544918,0.979946455,98.73298842
170459500,-0.117302053,32.72727273,0,0,4.251292938,170.1865976,170.2396884,0.986585884,148.0966691
170686646,-0.117302053,32.90322581,0,0,4.207211108,169.2259359,169.2782266,0.986585884,148.0966691
170913792,-0.117302053,33.07917889,0,0,4.163830764,168.2751962,168.3267036,0.986585884,148.0966691
171140938,-0.117302053,33.07917889,0,0,4.163830764,168.2751962,168.3267036,0.986585884,148.0966691
171368084,-0.117302053,33.25513196,0,0,4.121137115,167.3342212,167.3849616,0.986585884,148.0966691
171595230,-0.117302053,33.43108504,0,0,4.079115757,166.402857,166.4528462,0.986585884,148.0966691
171822376,-0.117302053,33.43108504,0,0,4.079115757,166.402857,166.4528462,0.986585884,148.0966691
172049522,-0.117302053,33.60703812,0,0,4.037752664,165.4809529,165.5302064,0.986585884,148.0966691
172276668,-0.117302053,33.7829912,0,0,3.997034171,164.5683613,164.6168941,0.986585884,148.0966691
172503814,-0.117302053,33.95894428,0,0,3.956946968,163.6649376,163.7127644,0.986585884,148.0966691
172730960,-0.175953079,33.95894428,0,0,5.931683672,163.5556841,163.6632111,0.979946455,98.73298842
172958106,-0.175953079,34.13489736,0,0,5.872556724,162.6629669,162.7689396,0.979946455,98.73298842
173185252,-0.175953079,34.31085044,0,0,5.814336359,161.7791031,161.8835529,0.979946455,98.73298842
173412398,-0.175953079,34.48680352,0,0,5.757004161,160.9039577,161.0069151,0.979946455,98.73298842
173639544,-0.175953079,34.6627566,0,0,5.70054218,160.0373985,160.1388932,0.979946455,98.73298842
173866690,-0.175953079,34.6627566,0,0,5.70054218,160.0373985,160.1388932,0.979946455,98.73298842
174093836,-0.175953079,34.83870968,0,0,5.644932916,159.1792959,159.2793568,0.979946455,98.73298842
174320982,-0.175953079,35.01466276,0,0,5.590159308,158.3295228,158.4281782,0.979946455,98.73298842
174548128,-0.175953079,35.19061584,0,0,5.536204718,157.4879547,157.5852323,0.979946455,98.73298842
174775274,-0.175953079,35.36656891,0,0,5.483052921,156.6544697,156.7503963,0.979946455,98.73298842
175002420,-0.175953079,35.36656891,0,0,5.483052921,156.6544697,156.7503963,0.979946455,98.73298842
175229566,-0.175953079,35.54252199,0,0,5.43068809,155.828948,155.9235499,0.979946455,98.73298842
175456712,-0.175953079,35.71847507,0,0,5.37909479,155.0112724,155.1045752,0.979946455,98.73298842
175683858,-0.175953079,35.89442815,0,0,5.328257958,154.201328,154.2933566,0.979946455,98.73298842
175911004,-0.175953079,36.07038123,0,0,5.2781629,153.3990018,153.4897807,0.979946455,98.73298842
176138150,-0.175953079,36.24633431,0,0,5.228795275,152.6041835,152.6937363,0.979946455,98.73298842
176365296,-0.234604106,36.24633431,0,0,6.966358612,152.4785631,152.6376178,0.973351707,74.05171074
176592442,-0.175953079,36.42228739,0,0,5.180141088,151.8167644,151.9051145,0.979946455,98.73298842
176819588,-0.175953079,36.59824047,0,0,5.132186678,151.0366382,151.1238082,0.979946455,98.73298842
177046734,-0.175953079,36.77419355,0,0,5.084918711,150.2637005,150.3497127,0.979946455,98.73298842
177273880,-0.175953079,36.95014663,0,0,5.038324168,149.497849,149.5827249,0.979946455,98.73298842
177501026,-0.175953079,37.12609971,0,0,4.992390336,148.7389832,148.8227439,0.979946455,98.73298842
177728172,-0.175953079,37.12609971,0,0,4.992390336,148.7389832,148.8227439,0.979946455,98.73298842
177955318,-0.234604106,37.47800587,0,0,6.531909481,147.128169,147.2730931,0.973351707,74.05171074
178182464,-0.234604106,37.47800587,0,0,6.531909481,147.128169,147.2730931,0.973351707,74.05171074
178409610,-0.234604106,37.65395894,0,0,6.473296506,146.3912608,146.5343128,0.973351707,74.05171074
178636756,-0.234604106,37.82991202,0,0,6.415498549,145.6609257,145.8021396,0.973351707,74.05171074
178863902,-0.234604106,38.0058651,0,0,6.358500596,144.9370729,145.076482,0.973351707,74.05171074
179091048,-0.234604106,38.18181818,0,0,6.30228798,144.2196132,144.3572501,0.973351707,74.05171074
179318194,-0.234604106,38.35777126,0,0,6.246846368,143.5084591,143.6443556,0.973351707,74.05171074
179545340,-0.234604106,38.53372434,0,0,6.192161753,142.8035247,142.937712,0.973351707,74.05171074
179772486,-0.293255132,38.70967742,0,0,7.666150759,141.9723205,142.1791463,0.966801339,59.24339427